id,asset,w,h,url
spec-46f2d4dc-51265,art/46f2d4dc-51265/cover.webp,,,https://pub-2b4562c758ed440ab047fe9523a2d99c.r2.dev/kodex-content/art/46f2d4dc-51265/cover.webp
spec-7c34854a-49980,art/7c34854a-49980/cover.webp,,,https://pub-2b4562c758ed440ab047fe9523a2d99c.r2.dev/kodex-content/art/7c34854a-49980/cover.webp
spec-7eb583e0-50444,art/7eb583e0-50444/cover.webp,,,https://pub-2b4562c758ed440ab047fe9523a2d99c.r2.dev/kodex-content/art/7eb583e0-50444/cover.webp
spec-7f90747a-50999,art/7f90747a-50999/cover.webp,,,https://pub-2b4562c758ed440ab047fe9523a2d99c.r2.dev/kodex-content/art/7f90747a-50999/cover.webp
spec-819a91da-54716,art/819a91da-54716/cover.webp,,,https://pub-2b4562c758ed440ab047fe9523a2d99c.r2.dev/kodex-content/art/819a91da-54716/cover.webp
spec-826cddfd-51215,art/826cddfd-51215/cover.webp,,,https://pub-2b4562c758ed440ab047fe9523a2d99c.r2.dev/kodex-content/art/826cddfd-51215/cover.webp
spec-8339afe3-54241,art/8339afe3-54241/cover.webp,,,https://pub-2b4562c758ed440ab047fe9523a2d99c.r2.dev/kodex-content/art/8339afe3-54241/cover.webp
spec-873124c9-54240,art/873124c9-54240/cover.webp,,,https://pub-2b4562c758ed440ab047fe9523a2d99c.r2.dev/kodex-content/art/873124c9-54240/cover.webp
spec-87add0d1-49466,art/87add0d1-49466/cover.webp,,,https://pub-2b4562c758ed440ab047fe9523a2d99c.r2.dev/kodex-content/art/87add0d1-49466/cover.webp
spec-87c76f8f-51144,art/87c76f8f-51144/cover.webp,,,https://pub-2b4562c758ed440ab047fe9523a2d99c.r2.dev/kodex-content/art/87c76f8f-51144/cover.webp
spec-881e51af-49351,art/881e51af-49351/cover.webp,,,https://pub-2b4562c758ed440ab047fe9523a2d99c.r2.dev/kodex-content/art/881e51af-49351/cover.webp
spec-8845eca1-51189,art/8845eca1-51189/cover.webp,,,https://pub-2b4562c758ed440ab047fe9523a2d99c.r2.dev/kodex-content/art/8845eca1-51189/cover.webp
spec-887f1c7f-54435,art/887f1c7f-54435/cover.webp,,,https://pub-2b4562c758ed440ab047fe9523a2d99c.r2.dev/kodex-content/art/887f1c7f-54435/cover.webp
spec-888a98a9-49207,art/888a98a9-49207/cover.webp,,,https://pub-2b4562c758ed440ab047fe9523a2d99c.r2.dev/kodex-content/art/888a98a9-49207/cover.webp
spec-890c36b0-39390,art/890c36b0-39390/cover.webp,,,https://pub-2b4562c758ed440ab047fe9523a2d99c.r2.dev/kodex-content/art/890c36b0-39390/cover.webp
spec-891852a5-42205,art/891852a5-42205/cover.webp,,,https://pub-2b4562c758ed440ab047fe9523a2d99c.r2.dev/kodex-content/art/891852a5-42205/cover.webp
spec-8948df82-49779,art/8948df82-49779/cover.webp,,,https://pub-2b4562c758ed440ab047fe9523a2d99c.r2.dev/kodex-content/art/8948df82-49779/cover.webp
spec-8989c052-49784,art/8989c052-49784/cover.webp,,,https://pub-2b4562c758ed440ab047fe9523a2d99c.r2.dev/kodex-content/art/8989c052-49784/cover.webp
spec-89922f91-49539,art/89922f91-49539/cover.webp,,,https://pub-2b4562c758ed440ab047fe9523a2d99c.r2.dev/kodex-content/art/89922f91-49539/cover.webp
spec-8b2e0531-50883,art/8b2e0531-50883/cover.webp,,,https://pub-2b4562c758ed440ab047fe9523a2d99c.r2.dev/kodex-content/art/8b2e0531-50883/cover.webp
spec-8b9fa16c-48794,art/8b9fa16c-48794/cover.webp,,,https://pub-2b4562c758ed440ab047fe9523a2d99c.r2.dev/kodex-content/art/8b9fa16c-48794/cover.webp
spec-8cdc4cf9-51177,art/8cdc4cf9-51177/cover.webp,,,https://pub-2b4562c758ed440ab047fe9523a2d99c.r2.dev/kodex-content/art/8cdc4cf9-51177/cover.webp
spec-8d7ea870-42207,art/8d7ea870-42207/cover.webp,,,https://pub-2b4562c758ed440ab047fe9523a2d99c.r2.dev/kodex-content/art/8d7ea870-42207/cover.webp
spec-8d9657e0-50244,art/8d9657e0-50244/cover.webp,,,https://pub-2b4562c758ed440ab047fe9523a2d99c.r2.dev/kodex-content/art/8d9657e0-50244/cover.webp
spec-8dccd08e-46724,art/8dccd08e-46724/cover.webp,,,https://pub-2b4562c758ed440ab047fe9523a2d99c.r2.dev/kodex-content/art/8dccd08e-46724/cover.webp
spec-8eba0ce4-49226,art/8eba0ce4-49226/cover.webp,,,https://pub-2b4562c758ed440ab047fe9523a2d99c.r2.dev/kodex-content/art/8eba0ce4-49226/cover.webp
spec-8f7bb2bb-49117,art/8f7bb2bb-49117/cover.webp,,,https://pub-2b4562c758ed440ab047fe9523a2d99c.r2.dev/kodex-content/art/8f7bb2bb-49117/cover.webp
spec-8fa837b8-9806,art/8fa837b8-9806/cover.webp,,,https://pub-2b4562c758ed440ab047fe9523a2d99c.r2.dev/kodex-content/art/8fa837b8-9806/cover.webp
spec-9044dca8-50954,art/9044dca8-50954/cover.webp,,,https://pub-2b4562c758ed440ab047fe9523a2d99c.r2.dev/kodex-content/art/9044dca8-50954/cover.webp
spec-90606094-39418,art/90606094-39418/cover.webp,,,https://pub-2b4562c758ed440ab047fe9523a2d99c.r2.dev/kodex-content/art/90606094-39418/cover.webp
spec-9078e4b5-49875,art/9078e4b5-49875/cover.webp,,,https://pub-2b4562c758ed440ab047fe9523a2d99c.r2.dev/kodex-content/art/9078e4b5-49875/cover.webp
spec-912f97cb-54433,art/912f97cb-54433/cover.webp,,,https://pub-2b4562c758ed440ab047fe9523a2d99c.r2.dev/kodex-content/art/912f97cb-54433/cover.webp
spec-916f5076-49844,art/916f5076-49844/cover.webp,,,https://pub-2b4562c758ed440ab047fe9523a2d99c.r2.dev/kodex-content/art/916f5076-49844/cover.webp
spec-91b909f0-49080,art/91b909f0-49080/cover.webp,,,https://pub-2b4562c758ed440ab047fe9523a2d99c.r2.dev/kodex-content/art/91b909f0-49080/cover.webp
spec-91f03e20-51479,art/91f03e20-51479/cover.webp,,,https://pub-2b4562c758ed440ab047fe9523a2d99c.r2.dev/kodex-content/art/91f03e20-51479/cover.webp
spec-91f84206-49973,art/91f84206-49973/cover.webp,,,https://pub-2b4562c758ed440ab047fe9523a2d99c.r2.dev/kodex-content/art/91f84206-49973/cover.webp
spec-921423e3-49965,art/921423e3-49965/cover.webp,,,https://pub-2b4562c758ed440ab047fe9523a2d99c.r2.dev/kodex-content/art/921423e3-49965/cover.webp
spec-92402d3e-52304,art/92402d3e-52304/cover.webp,,,https://pub-2b4562c758ed440ab047fe9523a2d99c.r2.dev/kodex-content/art/92402d3e-52304/cover.webp
spec-9263c3cd-51006,art/9263c3cd-51006/cover.webp,,,https://pub-2b4562c758ed440ab047fe9523a2d99c.r2.dev/kodex-content/art/9263c3cd-51006/cover.webp
spec-92809f6d-50293,art/92809f6d-50293/cover.webp,,,https://pub-2b4562c758ed440ab047fe9523a2d99c.r2.dev/kodex-content/art/92809f6d-50293/cover.webp
spec-9288623e-48927,art/9288623e-48927/cover.webp,,,https://pub-2b4562c758ed440ab047fe9523a2d99c.r2.dev/kodex-content/art/9288623e-48927/cover.webp
spec-9290bc4c-54242,art/9290bc4c-54242/cover.webp,,,https://pub-2b4562c758ed440ab047fe9523a2d99c.r2.dev/kodex-content/art/9290bc4c-54242/cover.webp
spec-92990022-50364,art/92990022-50364/cover.webp,,,https://pub-2b4562c758ed440ab047fe9523a2d99c.r2.dev/kodex-content/art/92990022-50364/cover.webp
spec-92f7c6e9-54963,art/92f7c6e9-54963/cover.webp,,,https://pub-2b4562c758ed440ab047fe9523a2d99c.r2.dev/kodex-content/art/92f7c6e9-54963/cover.webp
spec-93b3a34a-50220,art/93b3a34a-50220/cover.webp,,,https://pub-2b4562c758ed440ab047fe9523a2d99c.r2.dev/kodex-content/art/93b3a34a-50220/cover.webp
spec-93e8414c-50146,art/93e8414c-50146/cover.webp,,,https://pub-2b4562c758ed440ab047fe9523a2d99c.r2.dev/kodex-content/art/93e8414c-50146/cover.webp
spec-941ea6c8-50118,art/941ea6c8-50118/cover.webp,,,https://pub-2b4562c758ed440ab047fe9523a2d99c.r2.dev/kodex-content/art/941ea6c8-50118/cover.webp
spec-949c5d43-46740,art/949c5d43-46740/cover.webp,,,https://pub-2b4562c758ed440ab047fe9523a2d99c.r2.dev/kodex-content/art/949c5d43-46740/cover.webp
spec-94e62f12-49276,art/94e62f12-49276/cover.webp,,,https://pub-2b4562c758ed440ab047fe9523a2d99c.r2.dev/kodex-content/art/94e62f12-49276/cover.webp
spec-94f22213-48897,art/94f22213-48897/cover.webp,,,https://pub-2b4562c758ed440ab047fe9523a2d99c.r2.dev/kodex-content/art/94f22213-48897/cover.webp
spec-94fbf2c3-51053,art/94fbf2c3-51053/cover.webp,,,https://pub-2b4562c758ed440ab047fe9523a2d99c.r2.dev/kodex-content/art/94fbf2c3-51053/cover.webp
spec-9532cf26-51480,art/9532cf26-51480/cover.webp,,,https://pub-2b4562c758ed440ab047fe9523a2d99c.r2.dev/kodex-content/art/9532cf26-51480/cover.webp
spec-953748e3-49217,art/953748e3-49217/cover.webp,,,https://pub-2b4562c758ed440ab047fe9523a2d99c.r2.dev/kodex-content/art/953748e3-49217/cover.webp
spec-953e6c63-50490,art/953e6c63-50490/cover.webp,,,https://pub-2b4562c758ed440ab047fe9523a2d99c.r2.dev/kodex-content/art/953e6c63-50490/cover.webp
spec-9558049d-49894,art/9558049d-49894/cover.webp,,,https://pub-2b4562c758ed440ab047fe9523a2d99c.r2.dev/kodex-content/art/9558049d-49894/cover.webp
spec-95fe5900-52287,art/95fe5900-52287/cover.webp,,,https://pub-2b4562c758ed440ab047fe9523a2d99c.r2.dev/kodex-content/art/95fe5900-52287/cover.webp
spec-96b1ce15-50270,art/96b1ce15-50270/cover.webp,,,https://pub-2b4562c758ed440ab047fe9523a2d99c.r2.dev/kodex-content/art/96b1ce15-50270/cover.webp
spec-96e08b36-42201,art/96e08b36-42201/cover.webp,,,https://pub-2b4562c758ed440ab047fe9523a2d99c.r2.dev/kodex-content/art/96e08b36-42201/cover.webp
spec-97203b85-50472,art/97203b85-50472/cover.webp,,,https://pub-2b4562c758ed440ab047fe9523a2d99c.r2.dev/kodex-content/art/97203b85-50472/cover.webp
spec-97564049-50129,art/97564049-50129/cover.webp,,,https://pub-2b4562c758ed440ab047fe9523a2d99c.r2.dev/kodex-content/art/97564049-50129/cover.webp
spec-975baa05-49167,art/975baa05-49167/cover.webp,,,https://pub-2b4562c758ed440ab047fe9523a2d99c.r2.dev/kodex-content/art/975baa05-49167/cover.webp
spec-988b74df-54287,art/988b74df-54287/cover.webp,,,https://pub-2b4562c758ed440ab047fe9523a2d99c.r2.dev/kodex-content/art/988b74df-54287/cover.webp
spec-98a80dd6-49337,art/98a80dd6-49337/cover.webp,,,https://pub-2b4562c758ed440ab047fe9523a2d99c.r2.dev/kodex-content/art/98a80dd6-49337/cover.webp
spec-98e7aa6b-49095,art/98e7aa6b-49095/cover.webp,,,https://pub-2b4562c758ed440ab047fe9523a2d99c.r2.dev/kodex-content/art/98e7aa6b-49095/cover.webp
spec-990e5818-53130,art/990e5818-53130/cover.webp,,,https://pub-2b4562c758ed440ab047fe9523a2d99c.r2.dev/kodex-content/art/990e5818-53130/cover.webp
spec-99740ded-52308,art/99740ded-52308/cover.webp,,,https://pub-2b4562c758ed440ab047fe9523a2d99c.r2.dev/kodex-content/art/99740ded-52308/cover.webp
spec-99afc643-51050,art/99afc643-51050/cover.webp,,,https://pub-2b4562c758ed440ab047fe9523a2d99c.r2.dev/kodex-content/art/99afc643-51050/cover.webp
spec-99d52826-51108,art/99d52826-51108/cover.webp,,,https://pub-2b4562c758ed440ab047fe9523a2d99c.r2.dev/kodex-content/art/99d52826-51108/cover.webp
spec-9a1095ce-48795,art/9a1095ce-48795/cover.webp,,,https://pub-2b4562c758ed440ab047fe9523a2d99c.r2.dev/kodex-content/art/9a1095ce-48795/cover.webp
spec-9a1b398a-39416,art/9a1b398a-39416/cover.webp,,,https://pub-2b4562c758ed440ab047fe9523a2d99c.r2.dev/kodex-content/art/9a1b398a-39416/cover.webp
spec-9b625bb1-49216,art/9b625bb1-49216/cover.webp,,,https://pub-2b4562c758ed440ab047fe9523a2d99c.r2.dev/kodex-content/art/9b625bb1-49216/cover.webp
spec-9b759f41-51853,art/9b759f41-51853/cover.webp,,,https://pub-2b4562c758ed440ab047fe9523a2d99c.r2.dev/kodex-content/art/9b759f41-51853/cover.webp
spec-9ba664c6-49125,art/9ba664c6-49125/cover.webp,,,https://pub-2b4562c758ed440ab047fe9523a2d99c.r2.dev/kodex-content/art/9ba664c6-49125/cover.webp
spec-9be7c885-46777,art/9be7c885-46777/cover.webp,,,https://pub-2b4562c758ed440ab047fe9523a2d99c.r2.dev/kodex-content/art/9be7c885-46777/cover.webp
spec-9c3fe4ff-54453,art/9c3fe4ff-54453/cover.webp,,,https://pub-2b4562c758ed440ab047fe9523a2d99c.r2.dev/kodex-content/art/9c3fe4ff-54453/cover.webp
spec-9c561f9f-50434,art/9c561f9f-50434/cover.webp,,,https://pub-2b4562c758ed440ab047fe9523a2d99c.r2.dev/kodex-content/art/9c561f9f-50434/cover.webp
spec-9c9335b2-39393,art/9c9335b2-39393/cover.webp,,,https://pub-2b4562c758ed440ab047fe9523a2d99c.r2.dev/kodex-content/art/9c9335b2-39393/cover.webp
spec-9ca20ddd-52658,art/9ca20ddd-52658/cover.webp,,,https://pub-2b4562c758ed440ab047fe9523a2d99c.r2.dev/kodex-content/art/9ca20ddd-52658/cover.webp
spec-9cfe036f-49881,art/9cfe036f-49881/cover.webp,,,https://pub-2b4562c758ed440ab047fe9523a2d99c.r2.dev/kodex-content/art/9cfe036f-49881/cover.webp
spec-9d5cf215-54242,art/9d5cf215-54242/cover.webp,,,https://pub-2b4562c758ed440ab047fe9523a2d99c.r2.dev/kodex-content/art/9d5cf215-54242/cover.webp
spec-9d652541-50473,art/9d652541-50473/cover.webp,,,https://pub-2b4562c758ed440ab047fe9523a2d99c.r2.dev/kodex-content/art/9d652541-50473/cover.webp
spec-9da6d23b-48815,art/9da6d23b-48815/cover.webp,,,https://pub-2b4562c758ed440ab047fe9523a2d99c.r2.dev/kodex-content/art/9da6d23b-48815/cover.webp
spec-9dcc4228-54688,art/9dcc4228-54688/cover.webp,,,https://pub-2b4562c758ed440ab047fe9523a2d99c.r2.dev/kodex-content/art/9dcc4228-54688/cover.webp
spec-9df80482-50124,art/9df80482-50124/cover.webp,,,https://pub-2b4562c758ed440ab047fe9523a2d99c.r2.dev/kodex-content/art/9df80482-50124/cover.webp
spec-9e1247cc-51067,art/9e1247cc-51067/cover.webp,,,https://pub-2b4562c758ed440ab047fe9523a2d99c.r2.dev/kodex-content/art/9e1247cc-51067/cover.webp
spec-9e8c21b8-51008,art/9e8c21b8-51008/cover.webp,,,https://pub-2b4562c758ed440ab047fe9523a2d99c.r2.dev/kodex-content/art/9e8c21b8-51008/cover.webp
spec-9ecca876-50122,art/9ecca876-50122/cover.webp,,,https://pub-2b4562c758ed440ab047fe9523a2d99c.r2.dev/kodex-content/art/9ecca876-50122/cover.webp
spec-9f08edf0-51064,art/9f08edf0-51064/cover.webp,,,https://pub-2b4562c758ed440ab047fe9523a2d99c.r2.dev/kodex-content/art/9f08edf0-51064/cover.webp
spec-9f177f88-51391,art/9f177f88-51391/cover.webp,,,https://pub-2b4562c758ed440ab047fe9523a2d99c.r2.dev/kodex-content/art/9f177f88-51391/cover.webp
spec-9f536007-51062,art/9f536007-51062/cover.webp,,,https://pub-2b4562c758ed440ab047fe9523a2d99c.r2.dev/kodex-content/art/9f536007-51062/cover.webp
spec-c0ca57d3-49951,art/c0ca57d3-49951/cover.webp,,,https://pub-2b4562c758ed440ab047fe9523a2d99c.r2.dev/kodex-content/art/c0ca57d3-49951/cover.webp
spec-c119a8d4-52303,art/c119a8d4-52303/cover.webp,,,https://pub-2b4562c758ed440ab047fe9523a2d99c.r2.dev/kodex-content/art/c119a8d4-52303/cover.webp
spec-c12b41aa-54281,art/c12b41aa-54281/cover.webp,,,https://pub-2b4562c758ed440ab047fe9523a2d99c.r2.dev/kodex-content/art/c12b41aa-54281/cover.webp
spec-c14cdeff-52834,art/c14cdeff-52834/cover.webp,,,https://pub-2b4562c758ed440ab047fe9523a2d99c.r2.dev/kodex-content/art/c14cdeff-52834/cover.webp
spec-c155be92-51068,art/c155be92-51068/cover.webp,,,https://pub-2b4562c758ed440ab047fe9523a2d99c.r2.dev/kodex-content/art/c155be92-51068/cover.webp
spec-c169b37b-50468,art/c169b37b-50468/cover.webp,,,https://pub-2b4562c758ed440ab047fe9523a2d99c.r2.dev/kodex-content/art/c169b37b-50468/cover.webp
spec-c17a368e-9082,art/c17a368e-9082/cover.webp,,,https://pub-2b4562c758ed440ab047fe9523a2d99c.r2.dev/kodex-content/art/c17a368e-9082/cover.webp
spec-c18619b2-54416,art/c18619b2-54416/cover.webp,,,https://pub-2b4562c758ed440ab047fe9523a2d99c.r2.dev/kodex-content/art/c18619b2-54416/cover.webp
spec-c1b9e5fe-9828,art/c1b9e5fe-9828/cover.webp,,,https://pub-2b4562c758ed440ab047fe9523a2d99c.r2.dev/kodex-content/art/c1b9e5fe-9828/cover.webp
spec-c1f3e708-51466,art/c1f3e708-51466/cover.webp,,,https://pub-2b4562c758ed440ab047fe9523a2d99c.r2.dev/kodex-content/art/c1f3e708-51466/cover.webp
spec-c4ca3615-50448,art/c4ca3615-50448/cover.webp,,,https://pub-2b4562c758ed440ab047fe9523a2d99c.r2.dev/kodex-content/art/c4ca3615-50448/cover.webp
spec-c4e45f05-51188,art/c4e45f05-51188/cover.webp,,,https://pub-2b4562c758ed440ab047fe9523a2d99c.r2.dev/kodex-content/art/c4e45f05-51188/cover.webp
spec-c55b5de5-50998,art/c55b5de5-50998/cover.webp,,,https://pub-2b4562c758ed440ab047fe9523a2d99c.r2.dev/kodex-content/art/c55b5de5-50998/cover.webp
spec-c5605e85-52287,art/c5605e85-52287/cover.webp,,,https://pub-2b4562c758ed440ab047fe9523a2d99c.r2.dev/kodex-content/art/c5605e85-52287/cover.webp
spec-c5a5f642-49267,art/c5a5f642-49267/cover.webp,,,https://pub-2b4562c758ed440ab047fe9523a2d99c.r2.dev/kodex-content/art/c5a5f642-49267/cover.webp
spec-c5c2998d-51072,art/c5c2998d-51072/cover.webp,,,https://pub-2b4562c758ed440ab047fe9523a2d99c.r2.dev/kodex-content/art/c5c2998d-51072/cover.webp
spec-c5cb2224-49886,art/c5cb2224-49886/cover.webp,,,https://pub-2b4562c758ed440ab047fe9523a2d99c.r2.dev/kodex-content/art/c5cb2224-49886/cover.webp
spec-c5cf9668-9012,art/c5cf9668-9012/cover.webp,,,https://pub-2b4562c758ed440ab047fe9523a2d99c.r2.dev/kodex-content/art/c5cf9668-9012/cover.webp
spec-c5e16c05-50451,art/c5e16c05-50451/cover.webp,,,https://pub-2b4562c758ed440ab047fe9523a2d99c.r2.dev/kodex-content/art/c5e16c05-50451/cover.webp
spec-c62d9341-9059,art/c62d9341-9059/cover.webp,,,https://pub-2b4562c758ed440ab047fe9523a2d99c.r2.dev/kodex-content/art/c62d9341-9059/cover.webp
spec-c6dd7a97-46774,art/c6dd7a97-46774/cover.webp,,,https://pub-2b4562c758ed440ab047fe9523a2d99c.r2.dev/kodex-content/art/c6dd7a97-46774/cover.webp
spec-c799706f-49764,art/c799706f-49764/cover.webp,,,https://pub-2b4562c758ed440ab047fe9523a2d99c.r2.dev/kodex-content/art/c799706f-49764/cover.webp
spec-c83b6cb1-50124,art/c83b6cb1-50124/cover.webp,,,https://pub-2b4562c758ed440ab047fe9523a2d99c.r2.dev/kodex-content/art/c83b6cb1-50124/cover.webp
spec-c85390c7-39386,art/c85390c7-39386/cover.webp,,,https://pub-2b4562c758ed440ab047fe9523a2d99c.r2.dev/kodex-content/art/c85390c7-39386/cover.webp
spec-c89a97ff-50348,art/c89a97ff-50348/cover.webp,,,https://pub-2b4562c758ed440ab047fe9523a2d99c.r2.dev/kodex-content/art/c89a97ff-50348/cover.webp
spec-c8af329d-54243,art/c8af329d-54243/cover.webp,,,https://pub-2b4562c758ed440ab047fe9523a2d99c.r2.dev/kodex-content/art/c8af329d-54243/cover.webp
spec-c8c64775-9042,art/c8c64775-9042/cover.webp,,,https://pub-2b4562c758ed440ab047fe9523a2d99c.r2.dev/kodex-content/art/c8c64775-9042/cover.webp
spec-c8f69c04-39406,art/c8f69c04-39406/cover.webp,,,https://pub-2b4562c758ed440ab047fe9523a2d99c.r2.dev/kodex-content/art/c8f69c04-39406/cover.webp
spec-c9179608-51332,art/c9179608-51332/cover.webp,,,https://pub-2b4562c758ed440ab047fe9523a2d99c.r2.dev/kodex-content/art/c9179608-51332/cover.webp
spec-c923234f-54230,art/c923234f-54230/cover.webp,,,https://pub-2b4562c758ed440ab047fe9523a2d99c.r2.dev/kodex-content/art/c923234f-54230/cover.webp
spec-c9523a49-53571,art/c9523a49-53571/cover.webp,,,https://pub-2b4562c758ed440ab047fe9523a2d99c.r2.dev/kodex-content/art/c9523a49-53571/cover.webp
spec-c9546369-49123,art/c9546369-49123/cover.webp,,,https://pub-2b4562c758ed440ab047fe9523a2d99c.r2.dev/kodex-content/art/c9546369-49123/cover.webp
spec-c979efb9-49823,art/c979efb9-49823/cover.webp,,,https://pub-2b4562c758ed440ab047fe9523a2d99c.r2.dev/kodex-content/art/c979efb9-49823/cover.webp
spec-ca3ed862-50489,art/ca3ed862-50489/cover.webp,,,https://pub-2b4562c758ed440ab047fe9523a2d99c.r2.dev/kodex-content/art/ca3ed862-50489/cover.webp
spec-caa403cd-46701,art/caa403cd-46701/cover.webp,,,https://pub-2b4562c758ed440ab047fe9523a2d99c.r2.dev/kodex-content/art/caa403cd-46701/cover.webp
spec-cab2b37c-51214,art/cab2b37c-51214/cover.webp,,,https://pub-2b4562c758ed440ab047fe9523a2d99c.r2.dev/kodex-content/art/cab2b37c-51214/cover.webp
spec-cad73173-50261,art/cad73173-50261/cover.webp,,,https://pub-2b4562c758ed440ab047fe9523a2d99c.r2.dev/kodex-content/art/cad73173-50261/cover.webp
spec-cb085069-52307,art/cb085069-52307/cover.webp,,,https://pub-2b4562c758ed440ab047fe9523a2d99c.r2.dev/kodex-content/art/cb085069-52307/cover.webp
spec-cb26d10b-50967,art/cb26d10b-50967/cover.webp,,,https://pub-2b4562c758ed440ab047fe9523a2d99c.r2.dev/kodex-content/art/cb26d10b-50967/cover.webp
spec-cb4112ac-42206,art/cb4112ac-42206/cover.webp,,,https://pub-2b4562c758ed440ab047fe9523a2d99c.r2.dev/kodex-content/art/cb4112ac-42206/cover.webp
spec-cb4f7e12-51443,art/cb4f7e12-51443/cover.webp,,,https://pub-2b4562c758ed440ab047fe9523a2d99c.r2.dev/kodex-content/art/cb4f7e12-51443/cover.webp
spec-cb5d94a5-51071,art/cb5d94a5-51071/cover.webp,,,https://pub-2b4562c758ed440ab047fe9523a2d99c.r2.dev/kodex-content/art/cb5d94a5-51071/cover.webp
spec-cbda620b-49086,art/cbda620b-49086/cover.webp,,,https://pub-2b4562c758ed440ab047fe9523a2d99c.r2.dev/kodex-content/art/cbda620b-49086/cover.webp
spec-cc0dc21a-51409,art/cc0dc21a-51409/cover.webp,,,https://pub-2b4562c758ed440ab047fe9523a2d99c.r2.dev/kodex-content/art/cc0dc21a-51409/cover.webp
spec-cc10dce6-49153,art/cc10dce6-49153/cover.webp,,,https://pub-2b4562c758ed440ab047fe9523a2d99c.r2.dev/kodex-content/art/cc10dce6-49153/cover.webp
spec-cc1c4bec-49155,art/cc1c4bec-49155/cover.webp,,,https://pub-2b4562c758ed440ab047fe9523a2d99c.r2.dev/kodex-content/art/cc1c4bec-49155/cover.webp
spec-cc3156d5-54454,art/cc3156d5-54454/cover.webp,,,https://pub-2b4562c758ed440ab047fe9523a2d99c.r2.dev/kodex-content/art/cc3156d5-54454/cover.webp
spec-cca61252-39380,art/cca61252-39380/cover.webp,,,https://pub-2b4562c758ed440ab047fe9523a2d99c.r2.dev/kodex-content/art/cca61252-39380/cover.webp
spec-ccb1ffc3-49818,art/ccb1ffc3-49818/cover.webp,,,https://pub-2b4562c758ed440ab047fe9523a2d99c.r2.dev/kodex-content/art/ccb1ffc3-49818/cover.webp
spec-ccc929b3-49341,art/ccc929b3-49341/cover.webp,,,https://pub-2b4562c758ed440ab047fe9523a2d99c.r2.dev/kodex-content/art/ccc929b3-49341/cover.webp
spec-cd0aaf01-9595,art/cd0aaf01-9595/cover.webp,,,https://pub-2b4562c758ed440ab047fe9523a2d99c.r2.dev/kodex-content/art/cd0aaf01-9595/cover.webp
spec-cd19a8e3-49810,art/cd19a8e3-49810/cover.webp,,,https://pub-2b4562c758ed440ab047fe9523a2d99c.r2.dev/kodex-content/art/cd19a8e3-49810/cover.webp
spec-cdc40c38-52705,art/cdc40c38-52705/cover.webp,,,https://pub-2b4562c758ed440ab047fe9523a2d99c.r2.dev/kodex-content/art/cdc40c38-52705/cover.webp
spec-cf4896a4-53803,art/cf4896a4-53803/cover.webp,,,https://pub-2b4562c758ed440ab047fe9523a2d99c.r2.dev/kodex-content/art/cf4896a4-53803/cover.webp
spec-cfba2419-54228,art/cfba2419-54228/cover.webp,,,https://pub-2b4562c758ed440ab047fe9523a2d99c.r2.dev/kodex-content/art/cfba2419-54228/cover.webp
spec-cfc5a7d7-46754,art/cfc5a7d7-46754/cover.webp,,,https://pub-2b4562c758ed440ab047fe9523a2d99c.r2.dev/kodex-content/art/cfc5a7d7-46754/cover.webp
spec-cfccbf84-48823,art/cfccbf84-48823/cover.webp,,,https://pub-2b4562c758ed440ab047fe9523a2d99c.r2.dev/kodex-content/art/cfccbf84-48823/cover.webp
spec-d0ba868e-48812,art/d0ba868e-48812/cover.webp,,,https://pub-2b4562c758ed440ab047fe9523a2d99c.r2.dev/kodex-content/art/d0ba868e-48812/cover.webp
spec-d0d927c5-54419,art/d0d927c5-54419/cover.webp,,,https://pub-2b4562c758ed440ab047fe9523a2d99c.r2.dev/kodex-content/art/d0d927c5-54419/cover.webp
spec-d12562ad-52307,art/d12562ad-52307/cover.webp,,,https://pub-2b4562c758ed440ab047fe9523a2d99c.r2.dev/kodex-content/art/d12562ad-52307/cover.webp
spec-d1510d56-50107,art/d1510d56-50107/cover.webp,,,https://pub-2b4562c758ed440ab047fe9523a2d99c.r2.dev/kodex-content/art/d1510d56-50107/cover.webp
spec-d1946807-52704,art/d1946807-52704/cover.webp,,,https://pub-2b4562c758ed440ab047fe9523a2d99c.r2.dev/kodex-content/art/d1946807-52704/cover.webp
spec-d1ed0412-52723,art/d1ed0412-52723/cover.webp,,,https://pub-2b4562c758ed440ab047fe9523a2d99c.r2.dev/kodex-content/art/d1ed0412-52723/cover.webp
spec-d1ed6b77-46673,art/d1ed6b77-46673/cover.webp,,,https://pub-2b4562c758ed440ab047fe9523a2d99c.r2.dev/kodex-content/art/d1ed6b77-46673/cover.webp
spec-d21eaf1e-51057,art/d21eaf1e-51057/cover.webp,,,https://pub-2b4562c758ed440ab047fe9523a2d99c.r2.dev/kodex-content/art/d21eaf1e-51057/cover.webp
spec-d2770ac5-54857,art/d2770ac5-54857/cover.webp,,,https://pub-2b4562c758ed440ab047fe9523a2d99c.r2.dev/kodex-content/art/d2770ac5-54857/cover.webp
spec-d2c92bdd-49978,art/d2c92bdd-49978/cover.webp,,,https://pub-2b4562c758ed440ab047fe9523a2d99c.r2.dev/kodex-content/art/d2c92bdd-49978/cover.webp
spec-d311a360-49094,art/d311a360-49094/cover.webp,,,https://pub-2b4562c758ed440ab047fe9523a2d99c.r2.dev/kodex-content/art/d311a360-49094/cover.webp
spec-d3341a16-9833,art/d3341a16-9833/cover.webp,,,https://pub-2b4562c758ed440ab047fe9523a2d99c.r2.dev/kodex-content/art/d3341a16-9833/cover.webp
spec-d398a448-54232,art/d398a448-54232/cover.webp,,,https://pub-2b4562c758ed440ab047fe9523a2d99c.r2.dev/kodex-content/art/d398a448-54232/cover.webp
spec-d3ae3bc6-49100,art/d3ae3bc6-49100/cover.webp,,,https://pub-2b4562c758ed440ab047fe9523a2d99c.r2.dev/kodex-content/art/d3ae3bc6-49100/cover.webp
spec-d3cd5617-49629,art/d3cd5617-49629/cover.webp,,,https://pub-2b4562c758ed440ab047fe9523a2d99c.r2.dev/kodex-content/art/d3cd5617-49629/cover.webp
spec-d3f33c36-49666,art/d3f33c36-49666/cover.webp,,,https://pub-2b4562c758ed440ab047fe9523a2d99c.r2.dev/kodex-content/art/d3f33c36-49666/cover.webp
spec-d417e101-53182,art/d417e101-53182/cover.webp,,,https://pub-2b4562c758ed440ab047fe9523a2d99c.r2.dev/kodex-content/art/d417e101-53182/cover.webp
spec-d45ca932-54235,art/d45ca932-54235/cover.webp,,,https://pub-2b4562c758ed440ab047fe9523a2d99c.r2.dev/kodex-content/art/d45ca932-54235/cover.webp
spec-d4c87a88-9018,art/d4c87a88-9018/cover.webp,,,https://pub-2b4562c758ed440ab047fe9523a2d99c.r2.dev/kodex-content/art/d4c87a88-9018/cover.webp
spec-d4f3d385-48728,art/d4f3d385-48728/cover.webp,,,https://pub-2b4562c758ed440ab047fe9523a2d99c.r2.dev/kodex-content/art/d4f3d385-48728/cover.webp
spec-d557b957-50258,art/d557b957-50258/cover.webp,,,https://pub-2b4562c758ed440ab047fe9523a2d99c.r2.dev/kodex-content/art/d557b957-50258/cover.webp
spec-d5baba65-49794,art/d5baba65-49794/cover.webp,,,https://pub-2b4562c758ed440ab047fe9523a2d99c.r2.dev/kodex-content/art/d5baba65-49794/cover.webp
spec-d5bfc54d-49598,art/d5bfc54d-49598/cover.webp,,,https://pub-2b4562c758ed440ab047fe9523a2d99c.r2.dev/kodex-content/art/d5bfc54d-49598/cover.webp
spec-d66f6f8b-51333,art/d66f6f8b-51333/cover.webp,,,https://pub-2b4562c758ed440ab047fe9523a2d99c.r2.dev/kodex-content/art/d66f6f8b-51333/cover.webp
spec-d87040f2-54248,art/d87040f2-54248/cover.webp,,,https://pub-2b4562c758ed440ab047fe9523a2d99c.r2.dev/kodex-content/art/d87040f2-54248/cover.webp
spec-da2e5596-52177,art/da2e5596-52177/cover.webp,,,https://pub-2b4562c758ed440ab047fe9523a2d99c.r2.dev/kodex-content/art/da2e5596-52177/cover.webp
spec-db0092a0-49214,art/db0092a0-49214/cover.webp,,,https://pub-2b4562c758ed440ab047fe9523a2d99c.r2.dev/kodex-content/art/db0092a0-49214/cover.webp
spec-db2ac489-54687,art/db2ac489-54687/cover.webp,,,https://pub-2b4562c758ed440ab047fe9523a2d99c.r2.dev/kodex-content/art/db2ac489-54687/cover.webp
spec-dc300600-49674,art/dc300600-49674/cover.webp,,,https://pub-2b4562c758ed440ab047fe9523a2d99c.r2.dev/kodex-content/art/dc300600-49674/cover.webp
spec-dc67f116-52303,art/dc67f116-52303/cover.webp,,,https://pub-2b4562c758ed440ab047fe9523a2d99c.r2.dev/kodex-content/art/dc67f116-52303/cover.webp
spec-e366531a-53850,art/e366531a-53850/cover.webp,,,https://pub-2b4562c758ed440ab047fe9523a2d99c.r2.dev/kodex-content/art/e366531a-53850/cover.webp
spec-e5ca537b-49251,art/e5ca537b-49251/cover.webp,,,https://pub-2b4562c758ed440ab047fe9523a2d99c.r2.dev/kodex-content/art/e5ca537b-49251/cover.webp
spec-e681745a-9835,art/e681745a-9835/cover.webp,,,https://pub-2b4562c758ed440ab047fe9523a2d99c.r2.dev/kodex-content/art/e681745a-9835/cover.webp
spec-e6864ba1-9838,art/e6864ba1-9838/cover.webp,,,https://pub-2b4562c758ed440ab047fe9523a2d99c.r2.dev/kodex-content/art/e6864ba1-9838/cover.webp
spec-e686c4c9-52897,art/e686c4c9-52897/cover.webp,,,https://pub-2b4562c758ed440ab047fe9523a2d99c.r2.dev/kodex-content/art/e686c4c9-52897/cover.webp
spec-e69de0a1-49684,art/e69de0a1-49684/cover.webp,,,https://pub-2b4562c758ed440ab047fe9523a2d99c.r2.dev/kodex-content/art/e69de0a1-49684/cover.webp
spec-e6c47be8-50737,art/e6c47be8-50737/cover.webp,,,https://pub-2b4562c758ed440ab047fe9523a2d99c.r2.dev/kodex-content/art/e6c47be8-50737/cover.webp
spec-e6d57a17-51002,art/e6d57a17-51002/cover.webp,,,https://pub-2b4562c758ed440ab047fe9523a2d99c.r2.dev/kodex-content/art/e6d57a17-51002/cover.webp
spec-e6db2605-51457,art/e6db2605-51457/cover.webp,,,https://pub-2b4562c758ed440ab047fe9523a2d99c.r2.dev/kodex-content/art/e6db2605-51457/cover.webp
spec-e74fa8b5-39387,art/e74fa8b5-39387/cover.webp,,,https://pub-2b4562c758ed440ab047fe9523a2d99c.r2.dev/kodex-content/art/e74fa8b5-39387/cover.webp
spec-e7772061-51026,art/e7772061-51026/cover.webp,,,https://pub-2b4562c758ed440ab047fe9523a2d99c.r2.dev/kodex-content/art/e7772061-51026/cover.webp
spec-e778ffa7-49101,art/e778ffa7-49101/cover.webp,,,https://pub-2b4562c758ed440ab047fe9523a2d99c.r2.dev/kodex-content/art/e778ffa7-49101/cover.webp
spec-e77aba16-49263,art/e77aba16-49263/cover.webp,,,https://pub-2b4562c758ed440ab047fe9523a2d99c.r2.dev/kodex-content/art/e77aba16-49263/cover.webp
spec-e7ce3f3c-48898,art/e7ce3f3c-48898/cover.webp,,,https://pub-2b4562c758ed440ab047fe9523a2d99c.r2.dev/kodex-content/art/e7ce3f3c-48898/cover.webp
spec-e83b6fcb-49814,art/e83b6fcb-49814/cover.webp,,,https://pub-2b4562c758ed440ab047fe9523a2d99c.r2.dev/kodex-content/art/e83b6fcb-49814/cover.webp
spec-e862cb17-52176,art/e862cb17-52176/cover.webp,,,https://pub-2b4562c758ed440ab047fe9523a2d99c.r2.dev/kodex-content/art/e862cb17-52176/cover.webp
spec-e9163423-49783,art/e9163423-49783/cover.webp,,,https://pub-2b4562c758ed440ab047fe9523a2d99c.r2.dev/kodex-content/art/e9163423-49783/cover.webp
spec-e91be058-49809,art/e91be058-49809/cover.webp,,,https://pub-2b4562c758ed440ab047fe9523a2d99c.r2.dev/kodex-content/art/e91be058-49809/cover.webp
spec-e95a327b-39398,art/e95a327b-39398/cover.webp,,,https://pub-2b4562c758ed440ab047fe9523a2d99c.r2.dev/kodex-content/art/e95a327b-39398/cover.webp
spec-e991f09e-50459,art/e991f09e-50459/cover.webp,,,https://pub-2b4562c758ed440ab047fe9523a2d99c.r2.dev/kodex-content/art/e991f09e-50459/cover.webp
spec-e9e954b9-54484,art/e9e954b9-54484/cover.webp,,,https://pub-2b4562c758ed440ab047fe9523a2d99c.r2.dev/kodex-content/art/e9e954b9-54484/cover.webp
spec-ea0c6137-50014,art/ea0c6137-50014/cover.webp,,,https://pub-2b4562c758ed440ab047fe9523a2d99c.r2.dev/kodex-content/art/ea0c6137-50014/cover.webp
spec-ea8e5100-52324,art/ea8e5100-52324/cover.webp,,,https://pub-2b4562c758ed440ab047fe9523a2d99c.r2.dev/kodex-content/art/ea8e5100-52324/cover.webp
spec-eb1b9f98-51380,art/eb1b9f98-51380/cover.webp,,,https://pub-2b4562c758ed440ab047fe9523a2d99c.r2.dev/kodex-content/art/eb1b9f98-51380/cover.webp
spec-eb41db73-39383,art/eb41db73-39383/cover.webp,,,https://pub-2b4562c758ed440ab047fe9523a2d99c.r2.dev/kodex-content/art/eb41db73-39383/cover.webp
spec-eb516e52-39411,art/eb516e52-39411/cover.webp,,,https://pub-2b4562c758ed440ab047fe9523a2d99c.r2.dev/kodex-content/art/eb516e52-39411/cover.webp
spec-eb645fbb-50440,art/eb645fbb-50440/cover.webp,,,https://pub-2b4562c758ed440ab047fe9523a2d99c.r2.dev/kodex-content/art/eb645fbb-50440/cover.webp
spec-ebad56c2-50208,art/ebad56c2-50208/cover.webp,,,https://pub-2b4562c758ed440ab047fe9523a2d99c.r2.dev/kodex-content/art/ebad56c2-50208/cover.webp
spec-ebe997dc-49870,art/ebe997dc-49870/cover.webp,,,https://pub-2b4562c758ed440ab047fe9523a2d99c.r2.dev/kodex-content/art/ebe997dc-49870/cover.webp
spec-ec0aa773-54959,art/ec0aa773-54959/cover.webp,,,https://pub-2b4562c758ed440ab047fe9523a2d99c.r2.dev/kodex-content/art/ec0aa773-54959/cover.webp
spec-ec618eb3-49124,art/ec618eb3-49124/cover.webp,,,https://pub-2b4562c758ed440ab047fe9523a2d99c.r2.dev/kodex-content/art/ec618eb3-49124/cover.webp
spec-eca81b50-51371,art/eca81b50-51371/cover.webp,,,https://pub-2b4562c758ed440ab047fe9523a2d99c.r2.dev/kodex-content/art/eca81b50-51371/cover.webp
spec-ecdd74c7-52171,art/ecdd74c7-52171/cover.webp,,,https://pub-2b4562c758ed440ab047fe9523a2d99c.r2.dev/kodex-content/art/ecdd74c7-52171/cover.webp
spec-eceb2188-39390,art/eceb2188-39390/cover.webp,,,https://pub-2b4562c758ed440ab047fe9523a2d99c.r2.dev/kodex-content/art/eceb2188-39390/cover.webp
spec-ed1b6841-39388,art/ed1b6841-39388/cover.webp,,,https://pub-2b4562c758ed440ab047fe9523a2d99c.r2.dev/kodex-content/art/ed1b6841-39388/cover.webp
spec-ed1bbb68-9827,art/ed1bbb68-9827/cover.webp,,,https://pub-2b4562c758ed440ab047fe9523a2d99c.r2.dev/kodex-content/art/ed1bbb68-9827/cover.webp
spec-ed4884fd-52724,art/ed4884fd-52724/cover.webp,,,https://pub-2b4562c758ed440ab047fe9523a2d99c.r2.dev/kodex-content/art/ed4884fd-52724/cover.webp
spec-edbd212f-51073,art/edbd212f-51073/cover.webp,,,https://pub-2b4562c758ed440ab047fe9523a2d99c.r2.dev/kodex-content/art/edbd212f-51073/cover.webp
spec-edc1f467-51312,art/edc1f467-51312/cover.webp,,,https://pub-2b4562c758ed440ab047fe9523a2d99c.r2.dev/kodex-content/art/edc1f467-51312/cover.webp
spec-ede7eb33-50291,art/ede7eb33-50291/cover.webp,,,https://pub-2b4562c758ed440ab047fe9523a2d99c.r2.dev/kodex-content/art/ede7eb33-50291/cover.webp
spec-ee28450a-49598,art/ee28450a-49598/cover.webp,,,https://pub-2b4562c758ed440ab047fe9523a2d99c.r2.dev/kodex-content/art/ee28450a-49598/cover.webp
spec-ee5a6d65-51107,art/ee5a6d65-51107/cover.webp,,,https://pub-2b4562c758ed440ab047fe9523a2d99c.r2.dev/kodex-content/art/ee5a6d65-51107/cover.webp
spec-ee647fe8-46684,art/ee647fe8-46684/cover.webp,,,https://pub-2b4562c758ed440ab047fe9523a2d99c.r2.dev/kodex-content/art/ee647fe8-46684/cover.webp
spec-ee7b26a8-9855,art/ee7b26a8-9855/cover.webp,,,https://pub-2b4562c758ed440ab047fe9523a2d99c.r2.dev/kodex-content/art/ee7b26a8-9855/cover.webp
spec-eeed1aa5-46803,art/eeed1aa5-46803/cover.webp,,,https://pub-2b4562c758ed440ab047fe9523a2d99c.r2.dev/kodex-content/art/eeed1aa5-46803/cover.webp
spec-ef06ab7a-49531,art/ef06ab7a-49531/cover.webp,,,https://pub-2b4562c758ed440ab047fe9523a2d99c.r2.dev/kodex-content/art/ef06ab7a-49531/cover.webp
spec-ef52a768-51061,art/ef52a768-51061/cover.webp,,,https://pub-2b4562c758ed440ab047fe9523a2d99c.r2.dev/kodex-content/art/ef52a768-51061/cover.webp
spec-ef5903cc-51185,art/ef5903cc-51185/cover.webp,,,https://pub-2b4562c758ed440ab047fe9523a2d99c.r2.dev/kodex-content/art/ef5903cc-51185/cover.webp
spec-ef6bbe73-49126,art/ef6bbe73-49126/cover.webp,,,https://pub-2b4562c758ed440ab047fe9523a2d99c.r2.dev/kodex-content/art/ef6bbe73-49126/cover.webp
spec-efaeccec-39423,art/efaeccec-39423/cover.webp,,,https://pub-2b4562c758ed440ab047fe9523a2d99c.r2.dev/kodex-content/art/efaeccec-39423/cover.webp
spec-efccb9ae-49078,art/efccb9ae-49078/cover.webp,,,https://pub-2b4562c758ed440ab047fe9523a2d99c.r2.dev/kodex-content/art/efccb9ae-49078/cover.webp
spec-efd13b08-50401,art/efd13b08-50401/cover.webp,,,https://pub-2b4562c758ed440ab047fe9523a2d99c.r2.dev/kodex-content/art/efd13b08-50401/cover.webp
spec-efd1ed32-55046,art/efd1ed32-55046/cover.webp,,,https://pub-2b4562c758ed440ab047fe9523a2d99c.r2.dev/kodex-content/art/efd1ed32-55046/cover.webp
spec-efe552f0-46733,art/efe552f0-46733/cover.webp,,,https://pub-2b4562c758ed440ab047fe9523a2d99c.r2.dev/kodex-content/art/efe552f0-46733/cover.webp
spec-f01058a7-9041,art/f01058a7-9041/cover.webp,,,https://pub-2b4562c758ed440ab047fe9523a2d99c.r2.dev/kodex-content/art/f01058a7-9041/cover.webp
spec-f017d213-50996,art/f017d213-50996/cover.webp,,,https://pub-2b4562c758ed440ab047fe9523a2d99c.r2.dev/kodex-content/art/f017d213-50996/cover.webp
spec-f0197b74-49883,art/f0197b74-49883/cover.webp,,,https://pub-2b4562c758ed440ab047fe9523a2d99c.r2.dev/kodex-content/art/f0197b74-49883/cover.webp
spec-f091b2ae-46664,art/f091b2ae-46664/cover.webp,,,https://pub-2b4562c758ed440ab047fe9523a2d99c.r2.dev/kodex-content/art/f091b2ae-46664/cover.webp
spec-f095c359-53570,art/f095c359-53570/cover.webp,,,https://pub-2b4562c758ed440ab047fe9523a2d99c.r2.dev/kodex-content/art/f095c359-53570/cover.webp
spec-f0a22503-50253,art/f0a22503-50253/cover.webp,,,https://pub-2b4562c758ed440ab047fe9523a2d99c.r2.dev/kodex-content/art/f0a22503-50253/cover.webp
spec-f0d5c444-51162,art/f0d5c444-51162/cover.webp,,,https://pub-2b4562c758ed440ab047fe9523a2d99c.r2.dev/kodex-content/art/f0d5c444-51162/cover.webp
spec-f0db1e3c-46896,art/f0db1e3c-46896/cover.webp,,,https://pub-2b4562c758ed440ab047fe9523a2d99c.r2.dev/kodex-content/art/f0db1e3c-46896/cover.webp
spec-f0eb1256-52174,art/f0eb1256-52174/cover.webp,,,https://pub-2b4562c758ed440ab047fe9523a2d99c.r2.dev/kodex-content/art/f0eb1256-52174/cover.webp
spec-f0fb7c05-50485,art/f0fb7c05-50485/cover.webp,,,https://pub-2b4562c758ed440ab047fe9523a2d99c.r2.dev/kodex-content/art/f0fb7c05-50485/cover.webp
spec-f11b028a-51149,art/f11b028a-51149/cover.webp,,,https://pub-2b4562c758ed440ab047fe9523a2d99c.r2.dev/kodex-content/art/f11b028a-51149/cover.webp
spec-f12fd888-54319,art/f12fd888-54319/cover.webp,,,https://pub-2b4562c758ed440ab047fe9523a2d99c.r2.dev/kodex-content/art/f12fd888-54319/cover.webp
spec-f131ab35-52309,art/f131ab35-52309/cover.webp,,,https://pub-2b4562c758ed440ab047fe9523a2d99c.r2.dev/kodex-content/art/f131ab35-52309/cover.webp
spec-f16c697f-51249,art/f16c697f-51249/cover.webp,,,https://pub-2b4562c758ed440ab047fe9523a2d99c.r2.dev/kodex-content/art/f16c697f-51249/cover.webp
spec-f1af6059-54720,art/f1af6059-54720/cover.webp,,,https://pub-2b4562c758ed440ab047fe9523a2d99c.r2.dev/kodex-content/art/f1af6059-54720/cover.webp
spec-f1b012f8-52291,art/f1b012f8-52291/cover.webp,,,https://pub-2b4562c758ed440ab047fe9523a2d99c.r2.dev/kodex-content/art/f1b012f8-52291/cover.webp
spec-f25b46e4-51262,art/f25b46e4-51262/cover.webp,,,https://pub-2b4562c758ed440ab047fe9523a2d99c.r2.dev/kodex-content/art/f25b46e4-51262/cover.webp
spec-f27990ac-50093,art/f27990ac-50093/cover.webp,,,https://pub-2b4562c758ed440ab047fe9523a2d99c.r2.dev/kodex-content/art/f27990ac-50093/cover.webp
spec-f2dc8642-50356,art/f2dc8642-50356/cover.webp,,,https://pub-2b4562c758ed440ab047fe9523a2d99c.r2.dev/kodex-content/art/f2dc8642-50356/cover.webp
spec-f355b787-54762,art/f355b787-54762/cover.webp,,,https://pub-2b4562c758ed440ab047fe9523a2d99c.r2.dev/kodex-content/art/f355b787-54762/cover.webp
spec-f3a89b36-54713,art/f3a89b36-54713/cover.webp,,,https://pub-2b4562c758ed440ab047fe9523a2d99c.r2.dev/kodex-content/art/f3a89b36-54713/cover.webp
spec-f4307ae8-52301,art/f4307ae8-52301/cover.webp,,,https://pub-2b4562c758ed440ab047fe9523a2d99c.r2.dev/kodex-content/art/f4307ae8-52301/cover.webp
spec-f454a457-50391,art/f454a457-50391/cover.webp,,,https://pub-2b4562c758ed440ab047fe9523a2d99c.r2.dev/kodex-content/art/f454a457-50391/cover.webp
spec-f48e7023-48727,art/f48e7023-48727/cover.webp,,,https://pub-2b4562c758ed440ab047fe9523a2d99c.r2.dev/kodex-content/art/f48e7023-48727/cover.webp
spec-f490aa55-48813,art/f490aa55-48813/cover.webp,,,https://pub-2b4562c758ed440ab047fe9523a2d99c.r2.dev/kodex-content/art/f490aa55-48813/cover.webp
spec-f4a2427d-46716,art/f4a2427d-46716/cover.webp,,,https://pub-2b4562c758ed440ab047fe9523a2d99c.r2.dev/kodex-content/art/f4a2427d-46716/cover.webp
spec-f513ac50-54279,art/f513ac50-54279/cover.webp,,,https://pub-2b4562c758ed440ab047fe9523a2d99c.r2.dev/kodex-content/art/f513ac50-54279/cover.webp
spec-f537a87e-54953,art/f537a87e-54953/cover.webp,,,https://pub-2b4562c758ed440ab047fe9523a2d99c.r2.dev/kodex-content/art/f537a87e-54953/cover.webp
spec-f5d6b171-52313,art/f5d6b171-52313/cover.webp,,,https://pub-2b4562c758ed440ab047fe9523a2d99c.r2.dev/kodex-content/art/f5d6b171-52313/cover.webp
spec-f608f134-50401,art/f608f134-50401/cover.webp,,,https://pub-2b4562c758ed440ab047fe9523a2d99c.r2.dev/kodex-content/art/f608f134-50401/cover.webp
spec-f65e0d13-54707,art/f65e0d13-54707/cover.webp,,,https://pub-2b4562c758ed440ab047fe9523a2d99c.r2.dev/kodex-content/art/f65e0d13-54707/cover.webp
spec-f65f84ae-49200,art/f65f84ae-49200/cover.webp,,,https://pub-2b4562c758ed440ab047fe9523a2d99c.r2.dev/kodex-content/art/f65f84ae-49200/cover.webp
spec-f6e499d2-49087,art/f6e499d2-49087/cover.webp,,,https://pub-2b4562c758ed440ab047fe9523a2d99c.r2.dev/kodex-content/art/f6e499d2-49087/cover.webp
spec-f783fafd-54230,art/f783fafd-54230/cover.webp,,,https://pub-2b4562c758ed440ab047fe9523a2d99c.r2.dev/kodex-content/art/f783fafd-54230/cover.webp
spec-f79a524c-51397,art/f79a524c-51397/cover.webp,,,https://pub-2b4562c758ed440ab047fe9523a2d99c.r2.dev/kodex-content/art/f79a524c-51397/cover.webp
spec-f7c0d62c-49204,art/f7c0d62c-49204/cover.webp,,,https://pub-2b4562c758ed440ab047fe9523a2d99c.r2.dev/kodex-content/art/f7c0d62c-49204/cover.webp
spec-f81d8cf8-53846,art/f81d8cf8-53846/cover.webp,,,https://pub-2b4562c758ed440ab047fe9523a2d99c.r2.dev/kodex-content/art/f81d8cf8-53846/cover.webp
spec-f87fc253-39382,art/f87fc253-39382/cover.webp,,,https://pub-2b4562c758ed440ab047fe9523a2d99c.r2.dev/kodex-content/art/f87fc253-39382/cover.webp
spec-f8a89f7d-50433,art/f8a89f7d-50433/cover.webp,,,https://pub-2b4562c758ed440ab047fe9523a2d99c.r2.dev/kodex-content/art/f8a89f7d-50433/cover.webp
spec-f9d58444-48818,art/f9d58444-48818/cover.webp,,,https://pub-2b4562c758ed440ab047fe9523a2d99c.r2.dev/kodex-content/art/f9d58444-48818/cover.webp
spec-fa955795-52285,art/fa955795-52285/cover.webp,,,https://pub-2b4562c758ed440ab047fe9523a2d99c.r2.dev/kodex-content/art/fa955795-52285/cover.webp
spec-fabd8fa5-51289,art/fabd8fa5-51289/cover.webp,,,https://pub-2b4562c758ed440ab047fe9523a2d99c.r2.dev/kodex-content/art/fabd8fa5-51289/cover.webp
spec-fb0a2558-39417,art/fb0a2558-39417/cover.webp,,,https://pub-2b4562c758ed440ab047fe9523a2d99c.r2.dev/kodex-content/art/fb0a2558-39417/cover.webp
spec-fb1bcff8-39424,art/fb1bcff8-39424/cover.webp,,,https://pub-2b4562c758ed440ab047fe9523a2d99c.r2.dev/kodex-content/art/fb1bcff8-39424/cover.webp
spec-fb352c00-46961,art/fb352c00-46961/cover.webp,,,https://pub-2b4562c758ed440ab047fe9523a2d99c.r2.dev/kodex-content/art/fb352c00-46961/cover.webp
spec-fc0aa7ba-54240,art/fc0aa7ba-54240/cover.webp,,,https://pub-2b4562c758ed440ab047fe9523a2d99c.r2.dev/kodex-content/art/fc0aa7ba-54240/cover.webp
spec-fc511b20-48900,art/fc511b20-48900/cover.webp,,,https://pub-2b4562c758ed440ab047fe9523a2d99c.r2.dev/kodex-content/art/fc511b20-48900/cover.webp
spec-fc52be73-50437,art/fc52be73-50437/cover.webp,,,https://pub-2b4562c758ed440ab047fe9523a2d99c.r2.dev/kodex-content/art/fc52be73-50437/cover.webp
spec-fc6bfa93-50272,art/fc6bfa93-50272/cover.webp,,,https://pub-2b4562c758ed440ab047fe9523a2d99c.r2.dev/kodex-content/art/fc6bfa93-50272/cover.webp
spec-fcc4d95a-49868,art/fcc4d95a-49868/cover.webp,,,https://pub-2b4562c758ed440ab047fe9523a2d99c.r2.dev/kodex-content/art/fcc4d95a-49868/cover.webp
spec-fcfeacae-51959,art/fcfeacae-51959/cover.webp,,,https://pub-2b4562c758ed440ab047fe9523a2d99c.r2.dev/kodex-content/art/fcfeacae-51959/cover.webp
spec-fd059bdd-39395,art/fd059bdd-39395/cover.webp,,,https://pub-2b4562c758ed440ab047fe9523a2d99c.r2.dev/kodex-content/art/fd059bdd-39395/cover.webp
spec-fd2e8a04-51434,art/fd2e8a04-51434/cover.webp,,,https://pub-2b4562c758ed440ab047fe9523a2d99c.r2.dev/kodex-content/art/fd2e8a04-51434/cover.webp
spec-fd6f4e9a-46660,art/fd6f4e9a-46660/cover.webp,,,https://pub-2b4562c758ed440ab047fe9523a2d99c.r2.dev/kodex-content/art/fd6f4e9a-46660/cover.webp
spec-fdfa864c-54242,art/fdfa864c-54242/cover.webp,,,https://pub-2b4562c758ed440ab047fe9523a2d99c.r2.dev/kodex-content/art/fdfa864c-54242/cover.webp
spec-fe1f0beb-54241,art/fe1f0beb-54241/cover.webp,,,https://pub-2b4562c758ed440ab047fe9523a2d99c.r2.dev/kodex-content/art/fe1f0beb-54241/cover.webp
spec-fe3f531d-51141,art/fe3f531d-51141/cover.webp,,,https://pub-2b4562c758ed440ab047fe9523a2d99c.r2.dev/kodex-content/art/fe3f531d-51141/cover.webp
spec-fe552d55-46662,art/fe552d55-46662/cover.webp,,,https://pub-2b4562c758ed440ab047fe9523a2d99c.r2.dev/kodex-content/art/fe552d55-46662/cover.webp
spec-feb5f570-49208,art/feb5f570-49208/cover.webp,,,https://pub-2b4562c758ed440ab047fe9523a2d99c.r2.dev/kodex-content/art/feb5f570-49208/cover.webp
spec-febfde14-9847,art/febfde14-9847/cover.webp,,,https://pub-2b4562c758ed440ab047fe9523a2d99c.r2.dev/kodex-content/art/febfde14-9847/cover.webp
spec-fec3ba6c-50392,art/fec3ba6c-50392/cover.webp,,,https://pub-2b4562c758ed440ab047fe9523a2d99c.r2.dev/kodex-content/art/fec3ba6c-50392/cover.webp
spec-fed0564f-9016,art/fed0564f-9016/cover.webp,,,https://pub-2b4562c758ed440ab047fe9523a2d99c.r2.dev/kodex-content/art/fed0564f-9016/cover.webp
spec-fed29a22-49803,art/fed29a22-49803/cover.webp,,,https://pub-2b4562c758ed440ab047fe9523a2d99c.r2.dev/kodex-content/art/fed29a22-49803/cover.webp
spec-feee4c05-50022,art/feee4c05-50022/cover.webp,,,https://pub-2b4562c758ed440ab047fe9523a2d99c.r2.dev/kodex-content/art/feee4c05-50022/cover.webp
spec-fef7ff7a-49745,art/fef7ff7a-49745/cover.webp,,,https://pub-2b4562c758ed440ab047fe9523a2d99c.r2.dev/kodex-content/art/fef7ff7a-49745/cover.webp
spec-fef8bc3d-46850,art/fef8bc3d-46850/cover.webp,,,https://pub-2b4562c758ed440ab047fe9523a2d99c.r2.dev/kodex-content/art/fef8bc3d-46850/cover.webp
spec-fef9c9fa-9822,art/fef9c9fa-9822/cover.webp,,,https://pub-2b4562c758ed440ab047fe9523a2d99c.r2.dev/kodex-content/art/fef9c9fa-9822/cover.webp
spec-ff0dedb3-39422,art/ff0dedb3-39422/cover.webp,,,https://pub-2b4562c758ed440ab047fe9523a2d99c.r2.dev/kodex-content/art/ff0dedb3-39422/cover.webp
spec-ff1fa38d-51268,art/ff1fa38d-51268/cover.webp,,,https://pub-2b4562c758ed440ab047fe9523a2d99c.r2.dev/kodex-content/art/ff1fa38d-51268/cover.webp
spec-ff77d7f5-49904,art/ff77d7f5-49904/cover.webp,,,https://pub-2b4562c758ed440ab047fe9523a2d99c.r2.dev/kodex-content/art/ff77d7f5-49904/cover.webp
spec-ffa0ab6c-49260,art/ffa0ab6c-49260/cover.webp,,,https://pub-2b4562c758ed440ab047fe9523a2d99c.r2.dev/kodex-content/art/ffa0ab6c-49260/cover.webp
spec-ffb226fc-49836,art/ffb226fc-49836/cover.webp,,,https://pub-2b4562c758ed440ab047fe9523a2d99c.r2.dev/kodex-content/art/ffb226fc-49836/cover.webp
spec-ffdcb5cd-50090,art/ffdcb5cd-50090/cover.webp,,,https://pub-2b4562c758ed440ab047fe9523a2d99c.r2.dev/kodex-content/art/ffdcb5cd-50090/cover.webp
spec-fffff88d-52726,art/fffff88d-52726/cover.webp,,,https://pub-2b4562c758ed440ab047fe9523a2d99c.r2.dev/kodex-content/art/fffff88d-52726/cover.webp
spec-2f660098-20260725_1554105625864270327315830,art/2f660098-20260725_1554105625864270327315830/cover.webp,,,https://pub-2b4562c758ed440ab047fe9523a2d99c.r2.dev/kodex-content/art/2f660098-20260725_1554105625864270327315830/cover.webp
spec-32acc7a6-20260725_17265962385065529858875,art/32acc7a6-20260725_17265962385065529858875/cover.webp,,,https://pub-2b4562c758ed440ab047fe9523a2d99c.r2.dev/kodex-content/art/32acc7a6-20260725_17265962385065529858875/cover.webp
spec-369b26f4-20260725_1527252509543824204072089,art/369b26f4-20260725_1527252509543824204072089/cover.webp,,,https://pub-2b4562c758ed440ab047fe9523a2d99c.r2.dev/kodex-content/art/369b26f4-20260725_1527252509543824204072089/cover.webp
spec-3c5dfe22-20260729_2238242604706955802228776,art/3c5dfe22-20260729_2238242604706955802228776/cover.webp,,,https://pub-2b4562c758ed440ab047fe9523a2d99c.r2.dev/kodex-content/art/3c5dfe22-20260729_2238242604706955802228776/cover.webp
spec-3f144d9e-20260622_1830172370426856331364388,art/3f144d9e-20260622_1830172370426856331364388/cover.webp,,,https://pub-2b4562c758ed440ab047fe9523a2d99c.r2.dev/kodex-content/art/3f144d9e-20260622_1830172370426856331364388/cover.webp
spec-3fd58381-20260623_1615502220919244101198051,art/3fd58381-20260623_1615502220919244101198051/cover.webp,,,https://pub-2b4562c758ed440ab047fe9523a2d99c.r2.dev/kodex-content/art/3fd58381-20260623_1615502220919244101198051/cover.webp
spec-4baac6b4-20260731_0933073099849625594892576,art/4baac6b4-20260731_0933073099849625594892576/cover.webp,,,https://pub-2b4562c758ed440ab047fe9523a2d99c.r2.dev/kodex-content/art/4baac6b4-20260731_0933073099849625594892576/cover.webp
spec-552eb7cc-20260726_1952081037908838061418351,art/552eb7cc-20260726_1952081037908838061418351/cover.webp,,,https://pub-2b4562c758ed440ab047fe9523a2d99c.r2.dev/kodex-content/art/552eb7cc-20260726_1952081037908838061418351/cover.webp
spec-68ac8a63-20260619_1416346621871970826212536,art/68ac8a63-20260619_1416346621871970826212536/cover.webp,,,https://pub-2b4562c758ed440ab047fe9523a2d99c.r2.dev/kodex-content/art/68ac8a63-20260619_1416346621871970826212536/cover.webp
spec-72ba82ac-20260720_2035086122620762270579352,art/72ba82ac-20260720_2035086122620762270579352/cover.webp,,,https://pub-2b4562c758ed440ab047fe9523a2d99c.r2.dev/kodex-content/art/72ba82ac-20260720_2035086122620762270579352/cover.webp
spec-7a5a5607-20260623_1615384197762104143772874,art/7a5a5607-20260623_1615384197762104143772874/cover.webp,,,https://pub-2b4562c758ed440ab047fe9523a2d99c.r2.dev/kodex-content/art/7a5a5607-20260623_1615384197762104143772874/cover.webp
spec-833c36ed-20260730_0731049039619675968548791,art/833c36ed-20260730_0731049039619675968548791/cover.webp,,,https://pub-2b4562c758ed440ab047fe9523a2d99c.r2.dev/kodex-content/art/833c36ed-20260730_0731049039619675968548791/cover.webp
spec-8c52e877-20260726_1945307416977602685012809,art/8c52e877-20260726_1945307416977602685012809/cover.webp,,,https://pub-2b4562c758ed440ab047fe9523a2d99c.r2.dev/kodex-content/art/8c52e877-20260726_1945307416977602685012809/cover.webp
spec-918b5496-FB_IMG_1785383473622,art/918b5496-FB_IMG_1785383473622/cover.webp,,,https://pub-2b4562c758ed440ab047fe9523a2d99c.r2.dev/kodex-content/art/918b5496-FB_IMG_1785383473622/cover.webp
spec-926803de-IMG_0011,art/926803de-IMG_0011/cover.webp,,,https://pub-2b4562c758ed440ab047fe9523a2d99c.r2.dev/kodex-content/art/926803de-IMG_0011/cover.webp
spec-9306b121-screenshot17823166153031,art/9306b121-screenshot17823166153031/cover.webp,,,https://pub-2b4562c758ed440ab047fe9523a2d99c.r2.dev/kodex-content/art/9306b121-screenshot17823166153031/cover.webp
spec-9855a38e-20260725_2125139083737821951212837,art/9855a38e-20260725_2125139083737821951212837/cover.webp,,,https://pub-2b4562c758ed440ab047fe9523a2d99c.r2.dev/kodex-content/art/9855a38e-20260725_2125139083737821951212837/cover.webp
spec-9975cd0a-20260623_1614581834467753712379784,art/9975cd0a-20260623_1614581834467753712379784/cover.webp,,,https://pub-2b4562c758ed440ab047fe9523a2d99c.r2.dev/kodex-content/art/9975cd0a-20260623_1614581834467753712379784/cover.webp
spec-9c7cc51f-20260728_1843216309922367727171386,art/9c7cc51f-20260728_1843216309922367727171386/cover.webp,,,https://pub-2b4562c758ed440ab047fe9523a2d99c.r2.dev/kodex-content/art/9c7cc51f-20260728_1843216309922367727171386/cover.webp
spec-a146bd3b-20260624_1606585144687685353937105,art/a146bd3b-20260624_1606585144687685353937105/cover.webp,,,https://pub-2b4562c758ed440ab047fe9523a2d99c.r2.dev/kodex-content/art/a146bd3b-20260624_1606585144687685353937105/cover.webp
spec-abe11161-20260725_2126508091590451311417591,art/abe11161-20260725_2126508091590451311417591/cover.webp,,,https://pub-2b4562c758ed440ab047fe9523a2d99c.r2.dev/kodex-content/art/abe11161-20260725_2126508091590451311417591/cover.webp
spec-c81af15e-20260724_1835356930022360646557698,art/c81af15e-20260724_1835356930022360646557698/cover.webp,,,https://pub-2b4562c758ed440ab047fe9523a2d99c.r2.dev/kodex-content/art/c81af15e-20260724_1835356930022360646557698/cover.webp
spec-d7f8f52c-20260720_204957621253952088241426,art/d7f8f52c-20260720_204957621253952088241426/cover.webp,,,https://pub-2b4562c758ed440ab047fe9523a2d99c.r2.dev/kodex-content/art/d7f8f52c-20260720_204957621253952088241426/cover.webp
spec-d9f85c40-20260619_14110053614205309340151,art/d9f85c40-20260619_14110053614205309340151/cover.webp,,,https://pub-2b4562c758ed440ab047fe9523a2d99c.r2.dev/kodex-content/art/d9f85c40-20260619_14110053614205309340151/cover.webp
spec-da99c345-20260730_1015347008191785299969657,art/da99c345-20260730_1015347008191785299969657/cover.webp,,,https://pub-2b4562c758ed440ab047fe9523a2d99c.r2.dev/kodex-content/art/da99c345-20260730_1015347008191785299969657/cover.webp
spec-e3690e37-20260623_1615241921301523879116415,art/e3690e37-20260623_1615241921301523879116415/cover.webp,,,https://pub-2b4562c758ed440ab047fe9523a2d99c.r2.dev/kodex-content/art/e3690e37-20260623_1615241921301523879116415/cover.webp
spec-ee7a3c3d-20260729_2233186502488254958642041,art/ee7a3c3d-20260729_2233186502488254958642041/cover.webp,,,https://pub-2b4562c758ed440ab047fe9523a2d99c.r2.dev/kodex-content/art/ee7a3c3d-20260729_2233186502488254958642041/cover.webp
spec-fed9d9ac-20260726_1941536660580121735055102,art/fed9d9ac-20260726_1941536660580121735055102/cover.webp,,,https://pub-2b4562c758ed440ab047fe9523a2d99c.r2.dev/kodex-content/art/fed9d9ac-20260726_1941536660580121735055102/cover.webp
spec-730586cd-55287,art/730586cd-55287/cover.webp,,,https://pub-2b4562c758ed440ab047fe9523a2d99c.r2.dev/kodex-content/art/730586cd-55287/cover.webp
