id,is_ocin,categoria,confianza,motivo_curaduria
spec-0087532a-46709,true,OCIN_ART,0.98,Obra canónica de Ocín confirmada en carpeta Drive (Rojo: Mandala/Rojo/image3A30214_mirror11.jpg)
spec-02130193-51069,true,OCIN_ART,0.98,Obra canónica de Ocín confirmada en carpeta Drive (Patron: Patron/image3A30212_mirror3.jpg)
spec-02a52eb7-9856,true,OCIN_ART,0.92,Mandala concéntrico / geometría sagrada vectorial de Ocín sobre fondo oscuro
spec-0343742c-9822,false,PRODUCTO,0.55,Pieza ambigua (render 3D o foto con acabado híbrido; requiere mirada directa de Ocín). Hash cercano: Cuadrado/image3A30211_mirror7.jpg
spec-055c0b2c-42202,true,OCIN_ART,0.92,Mandala concéntrico / geometría sagrada vectorial de Ocín sobre fondo oscuro
spec-05dcc87f-39407,true,OCIN_ART,0.88,Banner / greca lineal vectorial de Ocín en alto contraste
spec-061bdca4-39432,true,OCIN_ART,0.88,Banner / greca lineal vectorial de Ocín en alto contraste
spec-06fbc26e-9828,false,PRODUCTO,0.91,Fotografía de par de aros/piezas de plata sobre superficie neutra
spec-07e81f49-46672,false,PRODUCTO,0.94,Foto de producto de joyería/aros Wenu Mapu (objeto sobre fondo de catálogo)
spec-07ff31f7-53134,false,PRODUCTO,0.94,Foto de producto de joyería/aros Wenu Mapu (objeto sobre fondo de catálogo)
spec-08726d51-49519,false,PRODUCTO,0.94,Foto de producto de joyería/aros Wenu Mapu (objeto sobre fondo de catálogo)
spec-08f5e173-52283,true,OCIN_ART,0.98,Obra canónica de Ocín confirmada en carpeta Drive (Blanco y negro: Mandala/Blanco y negro/image3A30110_mirror2.jpg)
spec-09ffb837-9048,true,OCIN_ART,0.98,Obra canónica de Ocín confirmada en carpeta Drive (Blanco y negro: Mandala/Blanco y negro/image3A30213_mirror23.jpg)
spec-0a01f494-53896,false,PRODUCTO,0.94,Foto de producto de joyería/aros Wenu Mapu (objeto sobre fondo de catálogo)
spec-0a5ebbb9-52305,true,OCIN_ART,0.98,Obra canónica de Ocín confirmada en carpeta Drive (: kisspng-line-art-kali-black-and-white-drawing-5afcf5afe7f179.49389210152652740795.jpg)
spec-0ae2b566-52318,true,OCIN_ART,0.98,Obra canónica de Ocín confirmada en carpeta Drive (Rojo: Mandala/Rojo/image3A30214_mirror11.jpg)
spec-0ae7e182-54943,false,PRODUCTO,0.55,Pieza ambigua (render 3D o foto con acabado híbrido; requiere mirada directa de Ocín). Hash cercano: InShot_20210327_042409224.jpg
spec-0c68e6a3-51158,true,OCIN_ART,0.88,Banner / greca lineal vectorial de Ocín en alto contraste
spec-0d397595-54173,false,PRODUCTO,0.91,Fotografía de par de aros/piezas de plata sobre superficie neutra
spec-0d8b2f07-9017,true,OCIN_ART,0.98,Obra canónica de Ocín confirmada en carpeta Drive (Elementos gráficos : Elementos gráficos /PSX_20210322_121921.jpg)
spec-0de21161-54231,true,OCIN_ART,0.92,Mandala concéntrico / geometría sagrada vectorial de Ocín sobre fondo oscuro
spec-0e3002ae-51291,true,OCIN_ART,0.88,Banner / greca lineal vectorial de Ocín en alto contraste
spec-0fd04bca-52292,true,OCIN_ART,0.98,Obra canónica de Ocín confirmada en carpeta Drive (Rojo: Mandala/Rojo/image3A30214_mirror11.jpg)
spec-122011ab-39396,true,OCIN_ART,0.88,Banner / greca lineal vectorial de Ocín en alto contraste
spec-12846429-39426,true,OCIN_ART,0.98,Obra canónica de Ocín confirmada en carpeta Drive (Banner: Banner/image3A30110_mirror8.jpg)
spec-12aba717-52288,true,OCIN_ART,0.92,Mandala concéntrico / geometría sagrada vectorial de Ocín sobre fondo oscuro
spec-1351d6ad-39384,true,OCIN_ART,0.98,Obra canónica de Ocín confirmada en carpeta Drive (Elementos gráficos : Elementos gráficos /PSX_20210322_121906.jpg)
spec-14018327-52305,true,OCIN_ART,0.98,Obra canónica de Ocín confirmada en carpeta Drive (: kisspng-line-art-kali-black-and-white-drawing-5afcf5afe7f179.49389210152652740795.jpg)
spec-145e9a60-39394,true,OCIN_ART,0.88,Banner / greca lineal vectorial de Ocín en alto contraste
spec-1480e5cc-39417,false,PRODUCTO,0.94,Foto de producto de joyería/aros Wenu Mapu (objeto sobre fondo de catálogo)
spec-15a1d928-49520,false,PRODUCTO,0.94,Foto de producto de joyería/aros Wenu Mapu (objeto sobre fondo de catálogo)
spec-15a37e7e-9804,true,OCIN_ART,0.92,Mandala concéntrico / geometría sagrada vectorial de Ocín sobre fondo oscuro
spec-167c057a-52295,true,OCIN_ART,0.98,Obra canónica de Ocín confirmada en carpeta Drive (Rojo: Mandala/Rojo/image3A30214_mirror11.jpg)
spec-16a40acf-39425,true,OCIN_ART,0.88,Banner / greca lineal vectorial de Ocín en alto contraste
spec-17380525-50481,true,OCIN_ART,0.92,Mandala concéntrico / geometría sagrada vectorial de Ocín sobre fondo oscuro
spec-18d7a83b-9010,false,PRODUCTO,0.94,Foto de producto de joyería/aros Wenu Mapu (objeto sobre fondo de catálogo)
spec-18f2465e-49789,false,PRODUCTO,0.94,Foto de producto de joyería/aros Wenu Mapu (objeto sobre fondo de catálogo)
spec-19255cbd-46892,false,PRODUCTO,0.91,Fotografía de par de aros/piezas de plata sobre superficie neutra
spec-1ab6e382-50476,false,PRODUCTO,0.94,Foto de producto de joyería/aros Wenu Mapu (objeto sobre fondo de catálogo)
spec-1b93b86c-54236,true,OCIN_ART,0.92,Mandala concéntrico / geometría sagrada vectorial de Ocín sobre fondo oscuro
spec-1cf20a1e-9644,false,PRODUCTO,0.94,Foto de producto de joyería/aros Wenu Mapu (objeto sobre fondo de catálogo)
spec-1d93de69-52326,false,PRODUCTO,0.94,Foto de producto de joyería/aros Wenu Mapu (objeto sobre fondo de catálogo)
spec-1e4c68c7-52288,true,OCIN_ART,0.92,Mandala concéntrico / geometría sagrada vectorial de Ocín sobre fondo oscuro
spec-1e8d8347-39427,true,OCIN_ART,0.88,Banner / greca lineal vectorial de Ocín en alto contraste
spec-1f484024-52292,true,OCIN_ART,0.98,Obra canónica de Ocín confirmada en carpeta Drive (Rojo: Mandala/Rojo/image3A30214_mirror11.jpg)
spec-20c80c1c-39379,true,OCIN_ART,0.88,Banner / greca lineal vectorial de Ocín en alto contraste
spec-214160da-42197,true,OCIN_ART,0.98,Obra canónica de Ocín confirmada en carpeta Drive (Blanco y negro: Mandala/Blanco y negro/image3A30110_mirror4b.png)
spec-217906af-9859,false,PRODUCTO,0.84,Foto de producto de joyería/accesorios Wenu Mapu
spec-2224c09c-50271,true,OCIN_ART,0.88,Banner / greca lineal vectorial de Ocín en alto contraste
spec-225f7c68-39392,true,OCIN_ART,0.88,Banner / greca lineal vectorial de Ocín en alto contraste
spec-255c51f9-49982,false,BASURA,0.92,Captura de pantalla de interfaz móvil / banner publicitario
spec-256a6d64-39400,true,OCIN_ART,0.98,Obra canónica de Ocín confirmada en carpeta Drive (Elementos gráficos : Elementos gráficos /PSX_20210322_121906.jpg)
spec-2572a070-9028,true,OCIN_ART,0.98,Obra canónica de Ocín confirmada en carpeta Drive (Rojo: Mandala/Rojo/image3A30214_mirror5.jpg)
spec-25d043cb-53145,true,OCIN_ART,0.98,Obra canónica de Ocín confirmada en carpeta Drive (Rojo: Mandala/Rojo/image3A30214_mirror11.jpg)
spec-2695ce19-9834,true,OCIN_ART,0.92,Mandala concéntrico / geometría sagrada vectorial de Ocín sobre fondo oscuro
spec-2bddb330-9829,true,OCIN_ART,0.92,Mandala concéntrico / geometría sagrada vectorial de Ocín sobre fondo oscuro
spec-3cce980d-9858,false,PRODUCTO,0.94,Foto de producto de joyería/aros Wenu Mapu (objeto sobre fondo de catálogo)
spec-2a944ab8-50474,false,PRODUCTO,0.94,Foto de producto de joyería/aros Wenu Mapu (objeto sobre fondo de catálogo)
spec-2cc2e138-46718,false,PRODUCTO,0.94,Foto de producto de joyería/aros Wenu Mapu (objeto sobre fondo de catálogo)
spec-2d1e7ae8-52310,false,PRODUCTO,0.94,Foto de producto de joyería/aros Wenu Mapu (objeto sobre fondo de catálogo)
spec-2de87d2b-50433,false,DESCARTE_TERCEROS,0.88,Diseño gráfico/poster editorial de terceros o maqueta de Pinterest
spec-2e0b3dc4-39421,true,OCIN_ART,0.98,Obra canónica de Ocín confirmada en carpeta Drive (Elementos gráficos : Elementos gráficos /InShot_20210328_181342371.jpg)
spec-2e2bda97-9824,false,PRODUCTO,0.55,Pieza ambigua (render 3D o foto con acabado híbrido; requiere mirada directa de Ocín). Hash cercano: InShot_20210319_234204346.jpg
spec-2e52a648-39426,true,OCIN_ART,0.98,Obra canónica de Ocín confirmada en carpeta Drive (Banner: Banner/image3A30110_mirror8.jpg)
spec-2eed5949-39434,true,OCIN_ART,0.88,Banner / greca lineal vectorial de Ocín en alto contraste
spec-2ff320ac-50290,true,OCIN_ART,0.88,Banner / greca lineal vectorial de Ocín en alto contraste
spec-3079a443-46705,false,PRODUCTO,0.94,Foto de producto de joyería/aros Wenu Mapu (objeto sobre fondo de catálogo)
spec-3274abb0-39382,true,OCIN_ART,0.88,Banner / greca lineal vectorial de Ocín en alto contraste
spec-32de1683-49718,false,PRODUCTO,0.94,Foto de producto de joyería/aros Wenu Mapu (objeto sobre fondo de catálogo)
spec-340b046e-39386,true,OCIN_ART,0.98,Obra canónica de Ocín confirmada en carpeta Drive (Elementos gráficos : Elementos gráficos /PSX_20210322_121906.jpg)
spec-34339b77-49248,false,PRODUCTO,0.94,Foto de producto de joyería/aros Wenu Mapu (objeto sobre fondo de catálogo)
spec-34cdf97f-51219,false,PRODUCTO,0.94,Foto de producto de joyería/aros Wenu Mapu (objeto sobre fondo de catálogo)
spec-34e25290-9049,false,PRODUCTO,0.91,Fotografía de par de aros/piezas de plata sobre superficie neutra
spec-352c73fc-46798,false,PRODUCTO,0.94,Foto de producto de joyería/aros Wenu Mapu (objeto sobre fondo de catálogo)
spec-3538aa57-39406,true,OCIN_ART,0.88,Banner / greca lineal vectorial de Ocín en alto contraste
spec-35884dc0-39387,true,OCIN_ART,0.88,Banner / greca lineal vectorial de Ocín en alto contraste
spec-36097b64-39404,true,OCIN_ART,0.88,Banner / greca lineal vectorial de Ocín en alto contraste
spec-36205323-52290,true,OCIN_ART,0.88,Banner / greca lineal vectorial de Ocín en alto contraste
spec-3715667c-39419,true,OCIN_ART,0.88,Banner / greca lineal vectorial de Ocín en alto contraste
spec-38135607-39421,true,OCIN_ART,0.98,Obra canónica de Ocín confirmada en carpeta Drive (Elementos gráficos : Elementos gráficos /InShot_20210328_181342371.jpg)
spec-3880af6b-54174,false,PRODUCTO,0.94,Foto de producto de joyería/aros Wenu Mapu (objeto sobre fondo de catálogo)
spec-389f8275-46722,false,PRODUCTO,0.91,Fotografía de par de aros/piezas de plata sobre superficie neutra
spec-395058d0-52320,true,OCIN_ART,0.98,Obra canónica de Ocín confirmada en carpeta Drive (: InShot_20210327_040645300.jpg)
spec-3971e8d2-46791,false,PRODUCTO,0.94,Foto de producto de joyería/aros Wenu Mapu (objeto sobre fondo de catálogo)
spec-3a7c83cc-49060,false,PRODUCTO,0.55,Pieza ambigua (render 3D o foto con acabado híbrido; requiere mirada directa de Ocín). Hash cercano: Mandala/Rojo/image3A30214_mirror4.jpg
spec-3ad1cd1d-39415,false,PRODUCTO,0.94,Foto de producto de joyería/aros Wenu Mapu (objeto sobre fondo de catálogo)
spec-3af80ca3-46857,false,PRODUCTO,0.91,Fotografía de par de aros/piezas de plata sobre superficie neutra
spec-3d04b8ee-49520,false,PRODUCTO,0.94,Foto de producto de joyería/aros Wenu Mapu (objeto sobre fondo de catálogo)
spec-3d120819-50396,true,OCIN_ART,0.92,Mandala concéntrico / geometría sagrada vectorial de Ocín sobre fondo oscuro
spec-3f53d6b3-39403,true,OCIN_ART,0.88,Banner / greca lineal vectorial de Ocín en alto contraste
spec-3fab0ade-51354,false,PRODUCTO,0.84,Foto de producto de joyería/accesorios Wenu Mapu
spec-3ffc1c6a-50431,true,OCIN_ART,0.8,Obra digital ritual de Ocín (patrón vectorial)
spec-402bfbd7-50294,true,OCIN_ART,0.88,Banner / greca lineal vectorial de Ocín en alto contraste
spec-4112fc8a-46876,false,PRODUCTO,0.94,Foto de producto de joyería/aros Wenu Mapu (objeto sobre fondo de catálogo)
spec-416fdf64-46703,true,OCIN_ART,0.98,Obra canónica de Ocín confirmada en carpeta Drive (: InShot_20210327_040645300.jpg)
spec-417292a0-52301,false,PRODUCTO,0.94,Foto de producto de joyería/aros Wenu Mapu (objeto sobre fondo de catálogo)
spec-41f3632a-39405,true,OCIN_ART,0.88,Banner / greca lineal vectorial de Ocín en alto contraste
spec-42155882-42203,true,OCIN_ART,0.92,Mandala concéntrico / geometría sagrada vectorial de Ocín sobre fondo oscuro
spec-4221a24c-46687,false,PRODUCTO,0.94,Foto de producto de joyería/aros Wenu Mapu (objeto sobre fondo de catálogo)
spec-424dd21b-50393,true,OCIN_ART,0.92,Mandala concéntrico / geometría sagrada vectorial de Ocín sobre fondo oscuro
spec-42758b5c-39428,true,OCIN_ART,0.98,Obra canónica de Ocín confirmada en carpeta Drive (: InShot_20210327_040645300.jpg)
spec-43243df5-46803,false,PRODUCTO,0.94,Foto de producto de joyería/aros Wenu Mapu (objeto sobre fondo de catálogo)
spec-43c33c39-9832,true,OCIN_ART,0.92,Mandala concéntrico / geometría sagrada vectorial de Ocín sobre fondo oscuro
spec-449f5826-39375,true,OCIN_ART,0.88,Banner / greca lineal vectorial de Ocín en alto contraste
spec-44baa09d-54232,true,OCIN_ART,0.92,Mandala concéntrico / geometría sagrada vectorial de Ocín sobre fondo oscuro
spec-44e3dd2c-54234,true,OCIN_ART,0.92,Mandala concéntrico / geometría sagrada vectorial de Ocín sobre fondo oscuro
spec-450f1b9b-54230,false,PRODUCTO,0.84,Foto de producto de joyería/accesorios Wenu Mapu
spec-4563a65b-54236,true,OCIN_ART,0.92,Mandala concéntrico / geometría sagrada vectorial de Ocín sobre fondo oscuro
spec-46114bc9-39410,true,OCIN_ART,0.88,Banner / greca lineal vectorial de Ocín en alto contraste
spec-4617d90d-54174,false,PRODUCTO,0.94,Foto de producto de joyería/aros Wenu Mapu (objeto sobre fondo de catálogo)
spec-46439fab-9837,true,OCIN_ART,0.98,Obra canónica de Ocín confirmada en carpeta Drive (: InShot_20210327_043417967.jpg)
spec-46c23666-50431,true,OCIN_ART,0.8,Obra digital ritual de Ocín (patrón vectorial)
spec-475c03f2-52286,true,OCIN_ART,0.98,Obra canónica de Ocín confirmada en carpeta Drive (Rojo: Mandala/Rojo/image3A30214_mirror11.jpg)
spec-47e14e5a-52654,true,OCIN_ART,0.92,Mandala concéntrico / geometría sagrada vectorial de Ocín sobre fondo oscuro
spec-48b24735-52284,true,OCIN_ART,0.92,Mandala concéntrico / geometría sagrada vectorial de Ocín sobre fondo oscuro
spec-4ac23337-51279,false,PRODUCTO,0.91,Fotografía de par de aros/piezas de plata sobre superficie neutra
spec-4ac74dcd-39413,true,OCIN_ART,0.88,Banner / greca lineal vectorial de Ocín en alto contraste
spec-4ade5b4d-39431,true,OCIN_ART,0.98,Obra canónica de Ocín confirmada en carpeta Drive (: InShot_20210327_040645300.jpg)
spec-4ae8f9a8-39389,true,OCIN_ART,0.98,Obra canónica de Ocín confirmada en carpeta Drive (Rojo: Mandala/Rojo/image3A30214_mirror11.jpg)
spec-4b109c81-39433,true,OCIN_ART,0.98,Obra canónica de Ocín confirmada en carpeta Drive (: InShot_20210327_040645300.jpg)
spec-4b25baeb-46665,false,PRODUCTO,0.94,Foto de producto de joyería/aros Wenu Mapu (objeto sobre fondo de catálogo)
spec-4bc3ef64-39399,true,OCIN_ART,0.88,Banner / greca lineal vectorial de Ocín en alto contraste
spec-4cd1b7e6-39429,true,OCIN_ART,0.88,Banner / greca lineal vectorial de Ocín en alto contraste
spec-4d680ced-46843,true,OCIN_ART,0.88,Banner / greca lineal vectorial de Ocín en alto contraste
spec-4d7bf503-50289,true,OCIN_ART,0.88,Banner / greca lineal vectorial de Ocín en alto contraste
spec-4ead4c58-50394,true,OCIN_ART,0.92,Mandala concéntrico / geometría sagrada vectorial de Ocín sobre fondo oscuro
spec-4f2569c5-52293,true,OCIN_ART,0.98,Obra canónica de Ocín confirmada en carpeta Drive (Rojo: Mandala/Rojo/image3A30214_mirror11.jpg)
spec-50415c42-46675,false,PRODUCTO,0.91,Fotografía de par de aros/piezas de plata sobre superficie neutra
spec-50f06789-52294,false,PRODUCTO,0.94,Foto de producto de joyería/aros Wenu Mapu (objeto sobre fondo de catálogo)
spec-5193a51f-46756,true,OCIN_ART,0.98,Obra canónica de Ocín confirmada en carpeta Drive (Blanco y negro: Mandala/Blanco y negro/image3A30213_mirror22.jpg)
spec-51951890-51405,false,PRODUCTO,0.94,Foto de producto de joyería/aros Wenu Mapu (objeto sobre fondo de catálogo)
spec-51e4f5ec-53132,false,PRODUCTO,0.94,Foto de producto de joyería/aros Wenu Mapu (objeto sobre fondo de catálogo)
spec-5221d2d3-46658,false,PRODUCTO,0.94,Foto de producto de joyería/aros Wenu Mapu (objeto sobre fondo de catálogo)
spec-5286517b-9009,false,PRODUCTO,0.91,Fotografía de par de aros/piezas de plata sobre superficie neutra
spec-54077715-49713,false,PRODUCTO,0.94,Foto de producto de joyería/aros Wenu Mapu (objeto sobre fondo de catálogo)
spec-551fafb3-46963,false,PRODUCTO,0.94,Foto de producto de joyería/aros Wenu Mapu (objeto sobre fondo de catálogo)
spec-55d16f17-42204,true,OCIN_ART,0.92,Mandala concéntrico / geometría sagrada vectorial de Ocín sobre fondo oscuro
spec-568eab9b-53108,false,PRODUCTO,0.91,Fotografía de par de aros/piezas de plata sobre superficie neutra
spec-57372f38-39402,true,OCIN_ART,0.98,Obra canónica de Ocín confirmada en carpeta Drive (: InShot_20210327_043417967.jpg)
spec-57d09b7f-51459,false,PRODUCTO,0.91,Fotografía de par de aros/piezas de plata sobre superficie neutra
spec-57ecba8b-46728,false,PRODUCTO,0.91,Fotografía de par de aros/piezas de plata sobre superficie neutra
spec-58ea5736-52654,true,OCIN_ART,0.92,Mandala concéntrico / geometría sagrada vectorial de Ocín sobre fondo oscuro
spec-5919ac0b-49976,false,BASURA,0.92,Captura de pantalla de interfaz móvil / banner publicitario
spec-59a63e8e-46699,true,OCIN_ART,0.98,Obra canónica de Ocín confirmada en carpeta Drive (: InShot_20210327_040645300.jpg)
spec-5b02c953-39405,true,OCIN_ART,0.88,Banner / greca lineal vectorial de Ocín en alto contraste
spec-5b466d76-55042,true,OCIN_ART,0.88,Banner / greca lineal vectorial de Ocín en alto contraste
spec-5ccb3b68-9836,true,OCIN_ART,0.92,Mandala concéntrico / geometría sagrada vectorial de Ocín sobre fondo oscuro
spec-5d5647dc-54238,true,OCIN_ART,0.92,Mandala concéntrico / geometría sagrada vectorial de Ocín sobre fondo oscuro
spec-5dcc45ae-50479,false,PRODUCTO,0.94,Foto de producto de joyería/aros Wenu Mapu (objeto sobre fondo de catálogo)
spec-5e4f1755-9029,true,OCIN_ART,0.98,Obra canónica de Ocín confirmada en carpeta Drive (Rojo: Mandala/Rojo/image3A30214_mirror5.jpg)
spec-5e5347de-9015,false,PRODUCTO,0.94,Foto de producto de joyería/aros Wenu Mapu (objeto sobre fondo de catálogo)
spec-601243af-46779,false,PRODUCTO,0.94,Foto de producto de joyería/aros Wenu Mapu (objeto sobre fondo de catálogo)
spec-6079c6b9-46793,false,PRODUCTO,0.94,Foto de producto de joyería/aros Wenu Mapu (objeto sobre fondo de catálogo)
spec-60e3c34e-51433,false,PRODUCTO,0.94,Foto de producto de joyería/aros Wenu Mapu (objeto sobre fondo de catálogo)
spec-6190e280-46711,true,OCIN_ART,0.98,Obra canónica de Ocín confirmada en carpeta Drive (Gris: Mandala/Gris/image3A30213_mirror4.jpg)
spec-6205ff6a-51005,false,PRODUCTO,0.94,Foto de producto de joyería/aros Wenu Mapu (objeto sobre fondo de catálogo)
spec-6297f121-39377,true,OCIN_ART,0.98,Obra canónica de Ocín confirmada en carpeta Drive (Elementos gráficos : Elementos gráficos /PSX_20210322_121906.jpg)
spec-629c1fee-50394,true,OCIN_ART,0.92,Mandala concéntrico / geometría sagrada vectorial de Ocín sobre fondo oscuro
spec-62a350e4-39409,true,OCIN_ART,0.98,Obra canónica de Ocín confirmada en carpeta Drive (: InShot_20210327_043417967.jpg)
spec-6326e2c1-51291,true,OCIN_ART,0.88,Banner / greca lineal vectorial de Ocín en alto contraste
spec-633aa889-52285,true,OCIN_ART,0.92,Mandala concéntrico / geometría sagrada vectorial de Ocín sobre fondo oscuro
spec-646d7fd4-49698,true,OCIN_ART,0.88,Banner / greca lineal vectorial de Ocín en alto contraste
spec-648867e9-39380,true,OCIN_ART,0.88,Banner / greca lineal vectorial de Ocín en alto contraste
spec-64e824d2-51204,false,PRODUCTO,0.94,Foto de producto de joyería/aros Wenu Mapu (objeto sobre fondo de catálogo)
spec-656bbcb3-9030,true,OCIN_ART,0.98,Obra canónica de Ocín confirmada en carpeta Drive (Blanco y negro: Mandala/Blanco y negro/image3A30215_mirror.jpg)
spec-65836949-50433,false,DESCARTE_TERCEROS,0.88,Diseño gráfico/poster editorial de terceros o maqueta de Pinterest
spec-666ebe4d-50505,true,OCIN_ART,0.92,Mandala concéntrico / geometría sagrada vectorial de Ocín sobre fondo oscuro
spec-67abd33e-54235,true,OCIN_ART,0.92,Mandala concéntrico / geometría sagrada vectorial de Ocín sobre fondo oscuro
spec-691d2e8d-52306,false,PRODUCTO,0.94,Foto de producto de joyería/aros Wenu Mapu (objeto sobre fondo de catálogo)
spec-693e7f66-39389,true,OCIN_ART,0.98,Obra canónica de Ocín confirmada en carpeta Drive (Rojo: Mandala/Rojo/image3A30214_mirror11.jpg)
spec-69532136-39408,false,PRODUCTO,0.94,Foto de producto de joyería/aros Wenu Mapu (objeto sobre fondo de catálogo)
spec-69af6405-46697,false,PRODUCTO,0.94,Foto de producto de joyería/aros Wenu Mapu (objeto sobre fondo de catálogo)
spec-6a20f0e2-54233,true,OCIN_ART,0.92,Mandala concéntrico / geometría sagrada vectorial de Ocín sobre fondo oscuro
spec-6ac23ba9-39427,true,OCIN_ART,0.88,Banner / greca lineal vectorial de Ocín en alto contraste
spec-6b30cbbb-52310,false,PRODUCTO,0.94,Foto de producto de joyería/aros Wenu Mapu (objeto sobre fondo de catálogo)
spec-6cd91b6f-9816,false,PRODUCTO,0.94,Foto de producto de joyería/aros Wenu Mapu (objeto sobre fondo de catálogo)
spec-6ce5c846-54498,true,OCIN_ART,0.8,Obra digital ritual de Ocín (patrón vectorial)
spec-6e4217fb-46811,false,PRODUCTO,0.94,Foto de producto de joyería/aros Wenu Mapu (objeto sobre fondo de catálogo)
spec-6e4d3ac5-46801,false,PRODUCTO,0.94,Foto de producto de joyería/aros Wenu Mapu (objeto sobre fondo de catálogo)
spec-6e51dafb-9039,true,OCIN_ART,0.98,Obra canónica de Ocín confirmada en carpeta Drive (Rojo: Mandala/Rojo/image3A30214_mirror.jpg)
spec-6e7c2028-46732,false,PRODUCTO,0.91,Fotografía de par de aros/piezas de plata sobre superficie neutra
spec-6e848367-51209,false,PRODUCTO,0.91,Fotografía de par de aros/piezas de plata sobre superficie neutra
spec-6f8dff10-52298,true,OCIN_ART,0.98,Obra canónica de Ocín confirmada en carpeta Drive (Rojo: Mandala/Rojo/image3A30214_mirror11.jpg)
spec-6f91a666-52321,false,PRODUCTO,0.94,Foto de producto de joyería/aros Wenu Mapu (objeto sobre fondo de catálogo)
spec-7007216f-46807,false,PRODUCTO,0.94,Foto de producto de joyería/aros Wenu Mapu (objeto sobre fondo de catálogo)
spec-7077c714-54231,true,OCIN_ART,0.92,Mandala concéntrico / geometría sagrada vectorial de Ocín sobre fondo oscuro
spec-70eda096-9060,true,OCIN_ART,0.92,Mandala concéntrico / geometría sagrada vectorial de Ocín sobre fondo oscuro
spec-710a7418-46842,false,PRODUCTO,0.94,Foto de producto de joyería/aros Wenu Mapu (objeto sobre fondo de catálogo)
spec-7245bdcf-54286,false,PRODUCTO,0.94,Foto de producto de joyería/aros Wenu Mapu (objeto sobre fondo de catálogo)
spec-72ae3218-54237,true,OCIN_ART,0.92,Mandala concéntrico / geometría sagrada vectorial de Ocín sobre fondo oscuro
spec-737c5c20-9826,false,PRODUCTO,0.91,Fotografía de par de aros/piezas de plata sobre superficie neutra
spec-738a6b9d-52298,true,OCIN_ART,0.98,Obra canónica de Ocín confirmada en carpeta Drive (Rojo: Mandala/Rojo/image3A30214_mirror11.jpg)
spec-75cf6b63-39416,true,OCIN_ART,0.8,Obra digital ritual de Ocín (patrón vectorial)
spec-76f38475-9827,false,PRODUCTO,0.55,Pieza ambigua (render 3D o foto con acabado híbrido; requiere mirada directa de Ocín). Hash cercano: Mandala/Blanco y negro/image3A30213_mirror19.jpg
spec-77280f8b-52312,false,PRODUCTO,0.94,Foto de producto de joyería/aros Wenu Mapu (objeto sobre fondo de catálogo)
spec-7771371d-50492,true,OCIN_ART,0.98,Obra canónica de Ocín confirmada en carpeta Drive (Rojo: Mandala/Rojo/image3A30214_mirror11.jpg)
spec-7876d8f9-39420,true,OCIN_ART,0.98,Obra canónica de Ocín confirmada en carpeta Drive (Rojo: Mandala/Rojo/image3A30214_mirror11.jpg)
spec-78840e4a-50486,false,PRODUCTO,0.84,Foto de producto de joyería/accesorios Wenu Mapu
spec-78f40de5-39382,true,OCIN_ART,0.88,Banner / greca lineal vectorial de Ocín en alto contraste
spec-79189d85-39414,true,OCIN_ART,0.88,Banner / greca lineal vectorial de Ocín en alto contraste
spec-7987b0c5-49519,false,PRODUCTO,0.94,Foto de producto de joyería/aros Wenu Mapu (objeto sobre fondo de catálogo)
spec-7a761d45-39378,true,OCIN_ART,0.98,Obra canónica de Ocín confirmada en carpeta Drive (Elementos gráficos : Elementos gráficos /PSX_20210322_121906.jpg)
spec-7add7691-51200,false,PRODUCTO,0.91,Fotografía de par de aros/piezas de plata sobre superficie neutra
spec-7b434dd9-50399,true,OCIN_ART,0.88,Banner / greca lineal vectorial de Ocín en alto contraste
spec-7bfd42f4-39381,true,OCIN_ART,0.88,Banner / greca lineal vectorial de Ocín en alto contraste
spec-7c4faf5e-46809,false,PRODUCTO,0.91,Fotografía de par de aros/piezas de plata sobre superficie neutra
spec-7cc9cc2b-50483,false,PRODUCTO,0.84,Foto de producto de joyería/accesorios Wenu Mapu
spec-7cd0bb1e-46691,false,PRODUCTO,0.94,Foto de producto de joyería/aros Wenu Mapu (objeto sobre fondo de catálogo)
spec-7e31956c-52296,false,PRODUCTO,0.94,Foto de producto de joyería/aros Wenu Mapu (objeto sobre fondo de catálogo)
spec-7f976155-39385,true,OCIN_ART,0.88,Banner / greca lineal vectorial de Ocín en alto contraste
spec-8088af41-39405,true,OCIN_ART,0.88,Banner / greca lineal vectorial de Ocín en alto contraste
spec-80b023a8-49788,false,PRODUCTO,0.94,Foto de producto de joyería/aros Wenu Mapu (objeto sobre fondo de catálogo)
spec-80d13499-39433,true,OCIN_ART,0.98,Obra canónica de Ocín confirmada en carpeta Drive (: InShot_20210327_040645300.jpg)
spec-81832f46-9830,true,OCIN_ART,0.92,Mandala concéntrico / geometría sagrada vectorial de Ocín sobre fondo oscuro
spec-82129d62-52309,false,PRODUCTO,0.94,Foto de producto de joyería/aros Wenu Mapu (objeto sobre fondo de catálogo)
spec-82670b9a-39407,true,OCIN_ART,0.88,Banner / greca lineal vectorial de Ocín en alto contraste
spec-839c7b04-46966,false,PRODUCTO,0.91,Fotografía de par de aros/piezas de plata sobre superficie neutra
spec-8435c5a9-39401,false,PRODUCTO,0.94,Foto de producto de joyería/aros Wenu Mapu (objeto sobre fondo de catálogo)
spec-84f161e3-54235,true,OCIN_ART,0.92,Mandala concéntrico / geometría sagrada vectorial de Ocín sobre fondo oscuro
spec-85c1758f-54238,true,OCIN_ART,0.92,Mandala concéntrico / geometría sagrada vectorial de Ocín sobre fondo oscuro
spec-85d2b331-46705,false,PRODUCTO,0.94,Foto de producto de joyería/aros Wenu Mapu (objeto sobre fondo de catálogo)
spec-85f72857-33714,false,PRODUCTO,0.84,Foto de producto de joyería/accesorios Wenu Mapu
spec-86286220-46960,false,PRODUCTO,0.94,Foto de producto de joyería/aros Wenu Mapu (objeto sobre fondo de catálogo)
spec-863e6598-50262,true,OCIN_ART,0.88,Banner / greca lineal vectorial de Ocín en alto contraste
spec-86682f67-46693,false,PRODUCTO,0.94,Foto de producto de joyería/aros Wenu Mapu (objeto sobre fondo de catálogo)
spec-8d3b818c-39377,true,OCIN_ART,0.98,Obra canónica de Ocín confirmada en carpeta Drive (Elementos gráficos : Elementos gráficos /PSX_20210322_121906.jpg)
spec-8d4f017f-39378,true,OCIN_ART,0.98,Obra canónica de Ocín confirmada en carpeta Drive (Elementos gráficos : Elementos gráficos /PSX_20210322_121906.jpg)
spec-8efd2ef0-52289,true,OCIN_ART,0.98,Obra canónica de Ocín confirmada en carpeta Drive (Rojo: Mandala/Rojo/image3A30214_mirror11.jpg)
spec-9064470f-46695,false,PRODUCTO,0.94,Foto de producto de joyería/aros Wenu Mapu (objeto sobre fondo de catálogo)
spec-928f9850-46951,false,PRODUCTO,0.94,Foto de producto de joyería/aros Wenu Mapu (objeto sobre fondo de catálogo)
spec-957616e3-39391,false,PRODUCTO,0.94,Foto de producto de joyería/aros Wenu Mapu (objeto sobre fondo de catálogo)
spec-95ad2861-52283,true,OCIN_ART,0.98,Obra canónica de Ocín confirmada en carpeta Drive (Blanco y negro: Mandala/Blanco y negro/image3A30110_mirror2.jpg)
spec-9660471d-39429,true,OCIN_ART,0.88,Banner / greca lineal vectorial de Ocín en alto contraste
spec-96854676-50475,false,PRODUCTO,0.94,Foto de producto de joyería/aros Wenu Mapu (objeto sobre fondo de catálogo)
spec-96a277de-39412,false,PRODUCTO,0.94,Foto de producto de joyería/aros Wenu Mapu (objeto sobre fondo de catálogo)
spec-980d28ed-52308,false,PRODUCTO,0.94,Foto de producto de joyería/aros Wenu Mapu (objeto sobre fondo de catálogo)
spec-9b8e89e5-9831,true,OCIN_ART,0.92,Mandala concéntrico / geometría sagrada vectorial de Ocín sobre fondo oscuro
spec-9b9f1712-9624,true,OCIN_ART,0.92,Mandala concéntrico / geometría sagrada vectorial de Ocín sobre fondo oscuro
spec-9f621a89-52316,false,PRODUCTO,0.94,Foto de producto de joyería/aros Wenu Mapu (objeto sobre fondo de catálogo)
spec-a00a178e-51005,false,PRODUCTO,0.94,Foto de producto de joyería/aros Wenu Mapu (objeto sobre fondo de catálogo)
spec-a09abcd9-54229,false,PRODUCTO,0.84,Foto de producto de joyería/accesorios Wenu Mapu
spec-a0a00190-52325,true,OCIN_ART,0.98,Obra canónica de Ocín confirmada en carpeta Drive (Rojo: Mandala/Rojo/image3A30214_mirror11.jpg)
spec-a10ad243-39383,true,OCIN_ART,0.88,Banner / greca lineal vectorial de Ocín en alto contraste
spec-a14f5991-39430,false,PRODUCTO,0.94,Foto de producto de joyería/aros Wenu Mapu (objeto sobre fondo de catálogo)
spec-a1d29225-54288,false,PRODUCTO,0.94,Foto de producto de joyería/aros Wenu Mapu (objeto sobre fondo de catálogo)
spec-a1e93456-46720,false,PRODUCTO,0.91,Fotografía de par de aros/piezas de plata sobre superficie neutra
spec-a23b8dea-50292,true,OCIN_ART,0.88,Banner / greca lineal vectorial de Ocín en alto contraste
spec-a290a55f-50482,false,PRODUCTO,0.84,Foto de producto de joyería/accesorios Wenu Mapu
spec-a3a83759-52284,true,OCIN_ART,0.92,Mandala concéntrico / geometría sagrada vectorial de Ocín sobre fondo oscuro
spec-a3b750ca-9837,true,OCIN_ART,0.98,Obra canónica de Ocín confirmada en carpeta Drive (: InShot_20210327_043417967.jpg)
spec-a3ffcf16-54233,true,OCIN_ART,0.92,Mandala concéntrico / geometría sagrada vectorial de Ocín sobre fondo oscuro
spec-a519d6f5-9854,true,OCIN_ART,0.88,Banner / greca lineal vectorial de Ocín en alto contraste
spec-a537f76f-50393,true,OCIN_ART,0.92,Mandala concéntrico / geometría sagrada vectorial de Ocín sobre fondo oscuro
spec-a57c5210-49599,true,OCIN_ART,0.88,Banner / greca lineal vectorial de Ocín en alto contraste
spec-a5f50c34-52654,true,OCIN_ART,0.92,Mandala concéntrico / geometría sagrada vectorial de Ocín sobre fondo oscuro
spec-a6165b66-42200,true,OCIN_ART,0.98,Obra canónica de Ocín confirmada en carpeta Drive (Elementos gráficos : Elementos gráficos /PSX_20210322_121906.jpg)
spec-a637a670-39432,true,OCIN_ART,0.88,Banner / greca lineal vectorial de Ocín en alto contraste
spec-a70b90d1-50403,false,PRODUCTO,0.94,Foto de producto de joyería/aros Wenu Mapu (objeto sobre fondo de catálogo)
spec-a835bc5b-50396,true,OCIN_ART,0.92,Mandala concéntrico / geometría sagrada vectorial de Ocín sobre fondo oscuro
spec-a867dac1-50480,false,PRODUCTO,0.94,Foto de producto de joyería/aros Wenu Mapu (objeto sobre fondo de catálogo)
spec-a8aeeb16-9013,false,PRODUCTO,0.94,Foto de producto de joyería/aros Wenu Mapu (objeto sobre fondo de catálogo)
spec-a8c1f879-52302,false,PRODUCTO,0.94,Foto de producto de joyería/aros Wenu Mapu (objeto sobre fondo de catálogo)
spec-a92da67a-9823,true,OCIN_ART,0.8,Obra digital ritual de Ocín (patrón vectorial)
spec-aa3f24fb-52322,false,PRODUCTO,0.94,Foto de producto de joyería/aros Wenu Mapu (objeto sobre fondo de catálogo)
spec-aadb0fa7-52295,true,OCIN_ART,0.98,Obra canónica de Ocín confirmada en carpeta Drive (Rojo: Mandala/Rojo/image3A30214_mirror11.jpg)
spec-ac357cef-50477,true,OCIN_ART,0.98,Obra canónica de Ocín confirmada en carpeta Drive (Rojo: Mandala/Rojo/image3A30214_mirror5.jpg)
spec-ac39b99c-39437,true,OCIN_ART,0.98,Obra canónica de Ocín confirmada en carpeta Drive (Rojo: Mandala/Rojo/image3A30214_mirror11.jpg)
spec-ac84e3fd-33891,false,PRODUCTO,0.91,Fotografía de par de aros/piezas de plata sobre superficie neutra
spec-acd7ecb8-50399,true,OCIN_ART,0.88,Banner / greca lineal vectorial de Ocín en alto contraste
spec-ad9ea32a-52306,false,PRODUCTO,0.94,Foto de producto de joyería/aros Wenu Mapu (objeto sobre fondo de catálogo)
spec-ae631389-9851,true,OCIN_ART,0.92,Mandala concéntrico / geometría sagrada vectorial de Ocín sobre fondo oscuro
spec-aefaa4d4-54173,false,PRODUCTO,0.91,Fotografía de par de aros/piezas de plata sobre superficie neutra
spec-b0c4c369-9071,false,PRODUCTO,0.91,Fotografía de par de aros/piezas de plata sobre superficie neutra
spec-b12ff8bf-39392,true,OCIN_ART,0.88,Banner / greca lineal vectorial de Ocín en alto contraste
spec-b23b7095-39415,false,PRODUCTO,0.94,Foto de producto de joyería/aros Wenu Mapu (objeto sobre fondo de catálogo)
spec-b2ff52d2-52302,false,PRODUCTO,0.94,Foto de producto de joyería/aros Wenu Mapu (objeto sobre fondo de catálogo)
spec-b3164c60-51153,false,PRODUCTO,0.94,Foto de producto de joyería/aros Wenu Mapu (objeto sobre fondo de catálogo)
spec-b386ef8b-53105,false,PRODUCTO,0.91,Fotografía de par de aros/piezas de plata sobre superficie neutra
spec-b4f8f226-52327,true,OCIN_ART,0.98,Obra canónica de Ocín confirmada en carpeta Drive (Rojo: Mandala/Rojo/image3A30214_mirror11.jpg)
spec-b5de8e64-39418,true,OCIN_ART,0.98,Obra canónica de Ocín confirmada en carpeta Drive (: InShot_20210327_043417967.jpg)
spec-b65556cf-9805,true,OCIN_ART,0.92,Mandala concéntrico / geometría sagrada vectorial de Ocín sobre fondo oscuro
spec-b731770e-50505,true,OCIN_ART,0.92,Mandala concéntrico / geometría sagrada vectorial de Ocín sobre fondo oscuro
spec-b7aa0183-51256,true,OCIN_ART,0.8,Obra digital ritual de Ocín (patrón vectorial)
spec-b7f8d0a8-52300,false,PRODUCTO,0.94,Foto de producto de joyería/aros Wenu Mapu (objeto sobre fondo de catálogo)
spec-b7fe8bd3-39414,true,OCIN_ART,0.88,Banner / greca lineal vectorial de Ocín en alto contraste
spec-b8c93742-39420,true,OCIN_ART,0.98,Obra canónica de Ocín confirmada en carpeta Drive (Rojo: Mandala/Rojo/image3A30214_mirror11.jpg)
spec-b9d167e4-52311,false,PRODUCTO,0.94,Foto de producto de joyería/aros Wenu Mapu (objeto sobre fondo de catálogo)
spec-ba87bfc8-50295,true,OCIN_ART,0.88,Banner / greca lineal vectorial de Ocín en alto contraste
spec-bade9ea9-39397,true,OCIN_ART,0.98,Obra canónica de Ocín confirmada en carpeta Drive (: InShot_20210327_043417967.jpg)
spec-bc26ecb9-52311,false,PRODUCTO,0.94,Foto de producto de joyería/aros Wenu Mapu (objeto sobre fondo de catálogo)
spec-bcbd15e9-9856,true,OCIN_ART,0.92,Mandala concéntrico / geometría sagrada vectorial de Ocín sobre fondo oscuro
spec-bf12690e-54947,false,PRODUCTO,0.94,Foto de producto de joyería/aros Wenu Mapu (objeto sobre fondo de catálogo)
spec-bf235814-52314,false,PRODUCTO,0.94,Foto de producto de joyería/aros Wenu Mapu (objeto sobre fondo de catálogo)
spec-bf2e2645-51156,false,PRODUCTO,0.94,Foto de producto de joyería/aros Wenu Mapu (objeto sobre fondo de catálogo)
spec-c08b05d7-9061,true,OCIN_ART,0.98,Obra canónica de Ocín confirmada en carpeta Drive (: InShot_20210327_043417967.jpg)
spec-c0d91b23-52293,true,OCIN_ART,0.98,Obra canónica de Ocín confirmada en carpeta Drive (Rojo: Mandala/Rojo/image3A30214_mirror11.jpg)
spec-c2a85f15-9011,true,OCIN_ART,0.98,Obra canónica de Ocín confirmada en carpeta Drive (Elementos gráficos : Elementos gráficos /PSX_20210322_121921.jpg)
spec-c30512e5-9825,false,PRODUCTO,0.55,Pieza ambigua (render 3D o foto con acabado híbrido; requiere mirada directa de Ocín). Hash cercano: Cuadrado/image3A30211_mirror7.jpg
spec-c36a3e24-46670,false,PRODUCTO,0.91,Fotografía de par de aros/piezas de plata sobre superficie neutra
spec-c3755e83-9825,false,PRODUCTO,0.55,Pieza ambigua (render 3D o foto con acabado híbrido; requiere mirada directa de Ocín). Hash cercano: Cuadrado/image3A30211_mirror7.jpg
spec-c45341a3-9803,true,OCIN_ART,0.92,Mandala concéntrico / geometría sagrada vectorial de Ocín sobre fondo oscuro
spec-c50121a9-52290,true,OCIN_ART,0.88,Banner / greca lineal vectorial de Ocín en alto contraste
spec-c6d64ad7-52312,false,PRODUCTO,0.94,Foto de producto de joyería/aros Wenu Mapu (objeto sobre fondo de catálogo)
spec-c7567204-53157,true,OCIN_ART,0.88,Banner / greca lineal vectorial de Ocín en alto contraste
spec-c853cda6-42199,true,OCIN_ART,0.98,Obra canónica de Ocín confirmada en carpeta Drive (Blanco y negro: Mandala/Blanco y negro/image3A30110_mirror4b.png)
spec-caf2bbab-9826,false,PRODUCTO,0.91,Fotografía de par de aros/piezas de plata sobre superficie neutra
spec-cce3e143-9046,true,OCIN_ART,0.98,Obra canónica de Ocín confirmada en carpeta Drive (Triangular: Triangular/image3A30212_mirror5.jpg)
spec-cf1e37da-9014,false,PRODUCTO,0.94,Foto de producto de joyería/aros Wenu Mapu (objeto sobre fondo de catálogo)
spec-d0b4bc87-46772,false,PRODUCTO,0.94,Foto de producto de joyería/aros Wenu Mapu (objeto sobre fondo de catálogo)
spec-d35bba5a-52655,true,OCIN_ART,0.88,Banner / greca lineal vectorial de Ocín en alto contraste
spec-d5d69a0f-46737,true,OCIN_ART,0.98,Obra canónica de Ocín confirmada en carpeta Drive (: InShot_20210327_042318506.jpg)
spec-d74e8a31-39431,true,OCIN_ART,0.98,Obra canónica de Ocín confirmada en carpeta Drive (: InShot_20210327_040645300.jpg)
spec-d7bf2073-9835,true,OCIN_ART,0.92,Mandala concéntrico / geometría sagrada vectorial de Ocín sobre fondo oscuro
spec-d86ef6a4-46705,false,PRODUCTO,0.94,Foto de producto de joyería/aros Wenu Mapu (objeto sobre fondo de catálogo)
spec-d8d383fe-9027,false,PRODUCTO,0.84,Foto de producto de joyería/accesorios Wenu Mapu
spec-d92d3270-53136,false,PRODUCTO,0.94,Foto de producto de joyería/aros Wenu Mapu (objeto sobre fondo de catálogo)
spec-d93c998a-9852,true,OCIN_ART,0.92,Mandala concéntrico / geometría sagrada vectorial de Ocín sobre fondo oscuro
spec-da1a17b3-46805,false,PRODUCTO,0.91,Fotografía de par de aros/piezas de plata sobre superficie neutra
spec-da3ce930-52313,true,OCIN_ART,0.98,Obra canónica de Ocín confirmada en carpeta Drive (: InShot_20210327_042318506.jpg)
spec-da796431-9824,false,PRODUCTO,0.55,Pieza ambigua (render 3D o foto con acabado híbrido; requiere mirada directa de Ocín). Hash cercano: InShot_20210319_234204346.jpg
spec-db83c599-42198,true,OCIN_ART,0.98,Obra canónica de Ocín confirmada en carpeta Drive (Blanco y negro: Mandala/Blanco y negro/image3A30110_mirror4b.png)
spec-dc2bb332-51160,false,PRODUCTO,0.94,Foto de producto de joyería/aros Wenu Mapu (objeto sobre fondo de catálogo)
spec-dc8838da-46950,false,PRODUCTO,0.94,Foto de producto de joyería/aros Wenu Mapu (objeto sobre fondo de catálogo)
spec-dcb826b2-46726,false,PRODUCTO,0.91,Fotografía de par de aros/piezas de plata sobre superficie neutra
spec-de082363-9807,false,PRODUCTO,0.94,Foto de producto de joyería/aros Wenu Mapu (objeto sobre fondo de catálogo)
spec-de389ffb-54234,true,OCIN_ART,0.92,Mandala concéntrico / geometría sagrada vectorial de Ocín sobre fondo oscuro
spec-df15b68f-39389,true,OCIN_ART,0.98,Obra canónica de Ocín confirmada en carpeta Drive (Rojo: Mandala/Rojo/image3A30214_mirror11.jpg)
spec-df303d75-9791,false,PRODUCTO,0.94,Foto de producto de joyería/aros Wenu Mapu (objeto sobre fondo de catálogo)
spec-dfe5880e-39376,false,PRODUCTO,0.94,Foto de producto de joyería/aros Wenu Mapu (objeto sobre fondo de catálogo)
spec-e08f5e49-50268,true,OCIN_ART,0.88,Banner / greca lineal vectorial de Ocín en alto contraste
spec-e1cbb36c-9839,true,OCIN_ART,0.98,Obra canónica de Ocín confirmada en carpeta Drive (Elementos gráficos : Elementos gráficos /PSX_20210322_121906.jpg)
spec-e27146c5-9848,false,PRODUCTO,0.91,Fotografía de par de aros/piezas de plata sobre superficie neutra
spec-e28bbc71-54237,true,OCIN_ART,0.92,Mandala concéntrico / geometría sagrada vectorial de Ocín sobre fondo oscuro
spec-e2c15f7d-46689,false,PRODUCTO,0.94,Foto de producto de joyería/aros Wenu Mapu (objeto sobre fondo de catálogo)
spec-e2e197e1-39397,true,OCIN_ART,0.98,Obra canónica de Ocín confirmada en carpeta Drive (: InShot_20210327_043417967.jpg)
spec-e304d9c1-50288,true,OCIN_ART,0.88,Banner / greca lineal vectorial de Ocín en alto contraste
spec-e32bfe77-52304,false,PRODUCTO,0.94,Foto de producto de joyería/aros Wenu Mapu (objeto sobre fondo de catálogo)
spec-e3f38f15-50505,true,OCIN_ART,0.92,Mandala concéntrico / geometría sagrada vectorial de Ocín sobre fondo oscuro
spec-e43f34aa-50484,false,PRODUCTO,0.84,Foto de producto de joyería/accesorios Wenu Mapu
spec-e46db37c-9853,true,OCIN_ART,0.92,Mandala concéntrico / geometría sagrada vectorial de Ocín sobre fondo oscuro
spec-e4d78a92-46730,false,PRODUCTO,0.91,Fotografía de par de aros/piezas de plata sobre superficie neutra
spec-e4f2d482-50478,false,PRODUCTO,0.94,Foto de producto de joyería/aros Wenu Mapu (objeto sobre fondo de catálogo)
spec-7c34854a-49980,false,BASURA,0.92,Captura de pantalla de interfaz móvil / banner publicitario
spec-87add0d1-49466,false,PRODUCTO,0.91,Fotografía de par de aros/piezas de plata sobre superficie neutra
spec-890c36b0-39390,true,OCIN_ART,0.88,Banner / greca lineal vectorial de Ocín en alto contraste
spec-891852a5-42205,true,OCIN_ART,0.92,Mandala concéntrico / geometría sagrada vectorial de Ocín sobre fondo oscuro
spec-8d7ea870-42207,true,OCIN_ART,0.98,Obra canónica de Ocín confirmada en carpeta Drive (Blanco y negro: Mandala/Blanco y negro/image3A30110_mirror4b.png)
spec-8dccd08e-46724,false,PRODUCTO,0.94,Foto de producto de joyería/aros Wenu Mapu (objeto sobre fondo de catálogo)
spec-8fa837b8-9806,true,OCIN_ART,0.98,Obra canónica de Ocín confirmada en carpeta Drive (Blanco y negro: Mandala/Blanco y negro/image3A30213_mirror23.jpg)
spec-90606094-39418,true,OCIN_ART,0.98,Obra canónica de Ocín confirmada en carpeta Drive (: InShot_20210327_043417967.jpg)
spec-92402d3e-52304,false,PRODUCTO,0.94,Foto de producto de joyería/aros Wenu Mapu (objeto sobre fondo de catálogo)
spec-92809f6d-50293,true,OCIN_ART,0.88,Banner / greca lineal vectorial de Ocín en alto contraste
spec-949c5d43-46740,false,PRODUCTO,0.94,Foto de producto de joyería/aros Wenu Mapu (objeto sobre fondo de catálogo)
spec-95fe5900-52287,true,OCIN_ART,0.98,Obra canónica de Ocín confirmada en carpeta Drive (: InShot_20210327_043417967.jpg)
spec-96b1ce15-50270,true,OCIN_ART,0.88,Banner / greca lineal vectorial de Ocín en alto contraste
spec-96e08b36-42201,true,OCIN_ART,0.92,Mandala concéntrico / geometría sagrada vectorial de Ocín sobre fondo oscuro
spec-990e5818-53130,false,PRODUCTO,0.94,Foto de producto de joyería/aros Wenu Mapu (objeto sobre fondo de catálogo)
spec-99740ded-52308,false,PRODUCTO,0.94,Foto de producto de joyería/aros Wenu Mapu (objeto sobre fondo de catálogo)
spec-9a1b398a-39416,true,OCIN_ART,0.8,Obra digital ritual de Ocín (patrón vectorial)
spec-9be7c885-46777,false,PRODUCTO,0.94,Foto de producto de joyería/aros Wenu Mapu (objeto sobre fondo de catálogo)
spec-9c561f9f-50434,false,PRODUCTO,0.84,Foto de producto de joyería/accesorios Wenu Mapu
spec-9c9335b2-39393,true,OCIN_ART,0.88,Banner / greca lineal vectorial de Ocín en alto contraste
spec-9ca20ddd-52658,false,PRODUCTO,0.84,Foto de producto de joyería/accesorios Wenu Mapu
spec-9d652541-50473,false,PRODUCTO,0.94,Foto de producto de joyería/aros Wenu Mapu (objeto sobre fondo de catálogo)
spec-9dcc4228-54688,true,OCIN_ART,0.98,Obra canónica de Ocín confirmada en carpeta Drive (: InShot_20210327_043417967.jpg)
spec-9e1247cc-51067,true,OCIN_ART,0.92,Mandala concéntrico / geometría sagrada vectorial de Ocín sobre fondo oscuro
spec-c119a8d4-52303,false,PRODUCTO,0.94,Foto de producto de joyería/aros Wenu Mapu (objeto sobre fondo de catálogo)
spec-c155be92-51068,true,OCIN_ART,0.88,Banner / greca lineal vectorial de Ocín en alto contraste
spec-c17a368e-9082,true,OCIN_ART,0.88,Banner / greca lineal vectorial de Ocín en alto contraste
spec-c1b9e5fe-9828,false,PRODUCTO,0.91,Fotografía de par de aros/piezas de plata sobre superficie neutra
spec-c5605e85-52287,true,OCIN_ART,0.98,Obra canónica de Ocín confirmada en carpeta Drive (: InShot_20210327_043417967.jpg)
spec-c5cf9668-9012,false,PRODUCTO,0.91,Fotografía de par de aros/piezas de plata sobre superficie neutra
spec-c62d9341-9059,true,OCIN_ART,0.98,Obra canónica de Ocín confirmada en carpeta Drive (Patron: Patron/image3A30212_mirror3.jpg)
spec-c6dd7a97-46774,false,PRODUCTO,0.94,Foto de producto de joyería/aros Wenu Mapu (objeto sobre fondo de catálogo)
spec-c85390c7-39386,true,OCIN_ART,0.98,Obra canónica de Ocín confirmada en carpeta Drive (Elementos gráficos : Elementos gráficos /PSX_20210322_121906.jpg)
spec-c8c64775-9042,false,PRODUCTO,0.94,Foto de producto de joyería/aros Wenu Mapu (objeto sobre fondo de catálogo)
spec-c8f69c04-39406,true,OCIN_ART,0.88,Banner / greca lineal vectorial de Ocín en alto contraste
spec-c923234f-54230,false,PRODUCTO,0.84,Foto de producto de joyería/accesorios Wenu Mapu
spec-caa403cd-46701,false,PRODUCTO,0.94,Foto de producto de joyería/aros Wenu Mapu (objeto sobre fondo de catálogo)
spec-cad73173-50261,true,OCIN_ART,0.88,Banner / greca lineal vectorial de Ocín en alto contraste
spec-cb085069-52307,false,PRODUCTO,0.94,Foto de producto de joyería/aros Wenu Mapu (objeto sobre fondo de catálogo)
spec-cb4112ac-42206,true,OCIN_ART,0.98,Obra canónica de Ocín confirmada en carpeta Drive (Blanco y negro: Mandala/Blanco y negro/image3A30110_mirror4b.png)
spec-cca61252-39380,true,OCIN_ART,0.88,Banner / greca lineal vectorial de Ocín en alto contraste
spec-ccc929b3-49341,false,PRODUCTO,0.94,Foto de producto de joyería/aros Wenu Mapu (objeto sobre fondo de catálogo)
spec-cd0aaf01-9595,true,OCIN_ART,0.92,Mandala concéntrico / geometría sagrada vectorial de Ocín sobre fondo oscuro
spec-cf4896a4-53803,true,OCIN_ART,0.88,Banner / greca lineal vectorial de Ocín en alto contraste
spec-cfba2419-54228,false,PRODUCTO,0.84,Foto de producto de joyería/accesorios Wenu Mapu
spec-cfc5a7d7-46754,false,PRODUCTO,0.94,Foto de producto de joyería/aros Wenu Mapu (objeto sobre fondo de catálogo)
spec-d12562ad-52307,false,PRODUCTO,0.94,Foto de producto de joyería/aros Wenu Mapu (objeto sobre fondo de catálogo)
spec-d1ed6b77-46673,false,PRODUCTO,0.91,Fotografía de par de aros/piezas de plata sobre superficie neutra
spec-d2c92bdd-49978,false,BASURA,0.92,Captura de pantalla de interfaz móvil / banner publicitario
spec-d3341a16-9833,true,OCIN_ART,0.92,Mandala concéntrico / geometría sagrada vectorial de Ocín sobre fondo oscuro
spec-d398a448-54232,true,OCIN_ART,0.92,Mandala concéntrico / geometría sagrada vectorial de Ocín sobre fondo oscuro
spec-d45ca932-54235,true,OCIN_ART,0.92,Mandala concéntrico / geometría sagrada vectorial de Ocín sobre fondo oscuro
spec-d4c87a88-9018,false,PRODUCTO,0.94,Foto de producto de joyería/aros Wenu Mapu (objeto sobre fondo de catálogo)
spec-db2ac489-54687,false,PRODUCTO,0.55,Pieza ambigua (render 3D o foto con acabado híbrido; requiere mirada directa de Ocín). Hash cercano: Mandala/Blanco y negro/image3A30110_mirror4.png
spec-dc67f116-52303,false,PRODUCTO,0.94,Foto de producto de joyería/aros Wenu Mapu (objeto sobre fondo de catálogo)
spec-e681745a-9835,true,OCIN_ART,0.92,Mandala concéntrico / geometría sagrada vectorial de Ocín sobre fondo oscuro
spec-e6864ba1-9838,false,PRODUCTO,0.94,Foto de producto de joyería/aros Wenu Mapu (objeto sobre fondo de catálogo)
spec-e6db2605-51457,true,OCIN_ART,0.92,Mandala concéntrico / geometría sagrada vectorial de Ocín sobre fondo oscuro
spec-e74fa8b5-39387,true,OCIN_ART,0.88,Banner / greca lineal vectorial de Ocín en alto contraste
spec-e95a327b-39398,false,PRODUCTO,0.94,Foto de producto de joyería/aros Wenu Mapu (objeto sobre fondo de catálogo)
spec-ea8e5100-52324,true,OCIN_ART,0.98,Obra canónica de Ocín confirmada en carpeta Drive (Rojo: Mandala/Rojo/image3A30214_mirror11.jpg)
spec-eb41db73-39383,true,OCIN_ART,0.88,Banner / greca lineal vectorial de Ocín en alto contraste
spec-eb516e52-39411,true,OCIN_ART,0.88,Banner / greca lineal vectorial de Ocín en alto contraste
spec-eceb2188-39390,true,OCIN_ART,0.88,Banner / greca lineal vectorial de Ocín en alto contraste
spec-ed1b6841-39388,true,OCIN_ART,0.88,Banner / greca lineal vectorial de Ocín en alto contraste
spec-ed1bbb68-9827,false,PRODUCTO,0.55,Pieza ambigua (render 3D o foto con acabado híbrido; requiere mirada directa de Ocín). Hash cercano: Mandala/Blanco y negro/image3A30213_mirror19.jpg
spec-ede7eb33-50291,true,OCIN_ART,0.88,Banner / greca lineal vectorial de Ocín en alto contraste
spec-ee647fe8-46684,false,PRODUCTO,0.94,Foto de producto de joyería/aros Wenu Mapu (objeto sobre fondo de catálogo)
spec-ee7b26a8-9855,false,PRODUCTO,0.94,Foto de producto de joyería/aros Wenu Mapu (objeto sobre fondo de catálogo)
spec-eeed1aa5-46803,false,PRODUCTO,0.94,Foto de producto de joyería/aros Wenu Mapu (objeto sobre fondo de catálogo)
spec-efaeccec-39423,true,OCIN_ART,0.88,Banner / greca lineal vectorial de Ocín en alto contraste
spec-efd13b08-50401,true,OCIN_ART,0.92,Mandala concéntrico / geometría sagrada vectorial de Ocín sobre fondo oscuro
spec-efd1ed32-55046,true,OCIN_ART,0.8,Obra digital ritual de Ocín (patrón vectorial)
spec-efe552f0-46733,false,PRODUCTO,0.94,Foto de producto de joyería/aros Wenu Mapu (objeto sobre fondo de catálogo)
spec-f01058a7-9041,true,OCIN_ART,0.98,Obra canónica de Ocín confirmada en carpeta Drive (Blanco y negro: Mandala/Blanco y negro/image3A30213_mirror23.jpg)
spec-f091b2ae-46664,false,PRODUCTO,0.91,Fotografía de par de aros/piezas de plata sobre superficie neutra
spec-f0d5c444-51162,true,OCIN_ART,0.92,Mandala concéntrico / geometría sagrada vectorial de Ocín sobre fondo oscuro
spec-f0fb7c05-50485,false,PRODUCTO,0.84,Foto de producto de joyería/accesorios Wenu Mapu
spec-f131ab35-52309,false,PRODUCTO,0.94,Foto de producto de joyería/aros Wenu Mapu (objeto sobre fondo de catálogo)
spec-f1b012f8-52291,true,OCIN_ART,0.88,Banner / greca lineal vectorial de Ocín en alto contraste
spec-f4307ae8-52301,false,PRODUCTO,0.94,Foto de producto de joyería/aros Wenu Mapu (objeto sobre fondo de catálogo)
spec-f4a2427d-46716,false,PRODUCTO,0.94,Foto de producto de joyería/aros Wenu Mapu (objeto sobre fondo de catálogo)
spec-f5d6b171-52313,true,OCIN_ART,0.98,Obra canónica de Ocín confirmada en carpeta Drive (: InShot_20210327_042318506.jpg)
spec-f608f134-50401,true,OCIN_ART,0.92,Mandala concéntrico / geometría sagrada vectorial de Ocín sobre fondo oscuro
spec-f783fafd-54230,false,PRODUCTO,0.84,Foto de producto de joyería/accesorios Wenu Mapu
spec-f87fc253-39382,true,OCIN_ART,0.88,Banner / greca lineal vectorial de Ocín en alto contraste
spec-f8a89f7d-50433,false,DESCARTE_TERCEROS,0.88,Diseño gráfico/poster editorial de terceros o maqueta de Pinterest
spec-fa955795-52285,true,OCIN_ART,0.92,Mandala concéntrico / geometría sagrada vectorial de Ocín sobre fondo oscuro
spec-fb0a2558-39417,false,PRODUCTO,0.94,Foto de producto de joyería/aros Wenu Mapu (objeto sobre fondo de catálogo)
spec-fb1bcff8-39424,true,OCIN_ART,0.98,Obra canónica de Ocín confirmada en carpeta Drive (: InShot_20210327_040645300.jpg)
spec-fb352c00-46961,false,PRODUCTO,0.94,Foto de producto de joyería/aros Wenu Mapu (objeto sobre fondo de catálogo)
spec-fc6bfa93-50272,true,OCIN_ART,0.88,Banner / greca lineal vectorial de Ocín en alto contraste
spec-fd059bdd-39395,true,OCIN_ART,0.98,Obra canónica de Ocín confirmada en carpeta Drive (: InShot_20210327_040645300.jpg)
spec-fd6f4e9a-46660,false,PRODUCTO,0.94,Foto de producto de joyería/aros Wenu Mapu (objeto sobre fondo de catálogo)
spec-fe552d55-46662,false,PRODUCTO,0.94,Foto de producto de joyería/aros Wenu Mapu (objeto sobre fondo de catálogo)
spec-febfde14-9847,false,PRODUCTO,0.91,Fotografía de par de aros/piezas de plata sobre superficie neutra
spec-fed0564f-9016,false,PRODUCTO,0.91,Fotografía de par de aros/piezas de plata sobre superficie neutra
spec-fef9c9fa-9822,false,PRODUCTO,0.55,Pieza ambigua (render 3D o foto con acabado híbrido; requiere mirada directa de Ocín). Hash cercano: Cuadrado/image3A30211_mirror7.jpg
spec-ff0dedb3-39422,false,PRODUCTO,0.94,Foto de producto de joyería/aros Wenu Mapu (objeto sobre fondo de catálogo)
spec-ffb226fc-49836,true,OCIN_ART,0.92,Mandala concéntrico / geometría sagrada vectorial de Ocín sobre fondo oscuro
spec-2f660098-20260725_1554105625864270327315830,false,DESCARTE_TERCEROS,0.88,Diseño gráfico/poster editorial de terceros o maqueta de Pinterest
spec-32acc7a6-20260725_17265962385065529858875,false,PRODUCTO,0.84,Foto de producto de joyería/accesorios Wenu Mapu
spec-369b26f4-20260725_1527252509543824204072089,false,PRODUCTO,0.84,Foto de producto de joyería/accesorios Wenu Mapu
spec-3c5dfe22-20260729_2238242604706955802228776,true,OCIN_ART,0.88,Banner / greca lineal vectorial de Ocín en alto contraste
spec-3f144d9e-20260622_1830172370426856331364388,false,DESCARTE_TERCEROS,0.88,Diseño gráfico/poster editorial de terceros o maqueta de Pinterest
spec-3fd58381-20260623_1615502220919244101198051,false,PRODUCTO,0.91,Fotografía de par de aros/piezas de plata sobre superficie neutra
spec-4baac6b4-20260731_0933073099849625594892576,false,PRODUCTO,0.94,Foto de producto de joyería/aros Wenu Mapu (objeto sobre fondo de catálogo)
spec-552eb7cc-20260726_1952081037908838061418351,false,PRODUCTO,0.84,Foto de producto de joyería/accesorios Wenu Mapu
spec-68ac8a63-20260619_1416346621871970826212536,false,DESCARTE_TERCEROS,0.88,Diseño gráfico/poster editorial de terceros o maqueta de Pinterest
spec-72ba82ac-20260720_2035086122620762270579352,false,PRODUCTO,0.94,Foto de producto de joyería/aros Wenu Mapu (objeto sobre fondo de catálogo)
spec-7a5a5607-20260623_1615384197762104143772874,false,PRODUCTO,0.91,Fotografía de par de aros/piezas de plata sobre superficie neutra
spec-833c36ed-20260730_0731049039619675968548791,false,PRODUCTO,0.84,Foto de producto de joyería/accesorios Wenu Mapu
spec-8c52e877-20260726_1945307416977602685012809,false,PRODUCTO,0.84,Foto de producto de joyería/accesorios Wenu Mapu
spec-918b5496-FB_IMG_1785383473622,false,PRODUCTO,0.94,Foto de producto de joyería/aros Wenu Mapu (objeto sobre fondo de catálogo)
spec-926803de-IMG_0011,true,OCIN_ART,0.98,Obra canónica de Ocín confirmada en carpeta Drive (Elementos gráficos : Elementos gráficos /PSX_20210322_121921.jpg)
spec-9306b121-screenshot17823166153031,true,OCIN_ART,0.88,Banner / greca lineal vectorial de Ocín en alto contraste
spec-9855a38e-20260725_2125139083737821951212837,true,OCIN_ART,0.88,Banner / greca lineal vectorial de Ocín en alto contraste
spec-9975cd0a-20260623_1614581834467753712379784,false,PRODUCTO,0.94,Foto de producto de joyería/aros Wenu Mapu (objeto sobre fondo de catálogo)
spec-9c7cc51f-20260728_1843216309922367727171386,false,DESCARTE_TERCEROS,0.88,Diseño gráfico/poster editorial de terceros o maqueta de Pinterest
spec-a146bd3b-20260624_1606585144687685353937105,false,DESCARTE_TERCEROS,0.88,Diseño gráfico/poster editorial de terceros o maqueta de Pinterest
spec-abe11161-20260725_2126508091590451311417591,false,DESCARTE_TERCEROS,0.88,Diseño gráfico/poster editorial de terceros o maqueta de Pinterest
spec-c81af15e-20260724_1835356930022360646557698,false,PRODUCTO,0.84,Foto de producto de joyería/accesorios Wenu Mapu
spec-d7f8f52c-20260720_204957621253952088241426,true,OCIN_ART,0.88,Banner / greca lineal vectorial de Ocín en alto contraste
spec-d9f85c40-20260619_14110053614205309340151,false,PRODUCTO,0.91,Fotografía de par de aros/piezas de plata sobre superficie neutra
spec-da99c345-20260730_1015347008191785299969657,false,PRODUCTO,0.84,Foto de producto de joyería/accesorios Wenu Mapu
spec-e3690e37-20260623_1615241921301523879116415,false,PRODUCTO,0.91,Fotografía de par de aros/piezas de plata sobre superficie neutra
spec-ee7a3c3d-20260729_2233186502488254958642041,true,OCIN_ART,0.88,Banner / greca lineal vectorial de Ocín en alto contraste
spec-fed9d9ac-20260726_1941536660580121735055102,false,PRODUCTO,0.84,Foto de producto de joyería/accesorios Wenu Mapu
